timestamp,location,sensor,value
2023-12-31T20:01:00.000Z,zone-d,temperature,23
2023-12-31T22:49:00.000Z,zone-d,humidity,74.1
2023-12-31T23:15:00.000Z,zone-c,humidity,64.9
2024-01-01T01:18:00.000Z,zone-b,pressure,996.6
2024-01-01T04:56:00.000Z,zone-a,light,152.1
2024-01-01T05:01:00.000Z,zone-c,light,797.2
2024-01-01T05:29:00.000Z,zone-d,light,364
2024-01-01T06:00:00.000Z,zone-a,temperature,26.1
2024-01-01T06:07:00.000Z,zone-a,pressure,1014.6
2024-01-01T08:42:00.000Z,zone-d,pressure,995.7
2024-01-01T11:49:00.000Z,zone-b,temperature,31.3
2024-01-01T11:50:00.000Z,zone-c,pressure,1016.8
2024-01-01T12:47:00.000Z,zone-c,temperature,23.7
2024-01-01T14:58:00.000Z,zone-b,light,613.4
2024-01-01T15:42:00.000Z,zone-b,humidity,32.3
2024-01-01T18:09:00.000Z,zone-a,humidity,61.7
2024-01-01T19:37:00.000Z,zone-c,light,761
2024-01-01T23:48:00.000Z,zone-a,humidity,39.3
2024-01-02T01:16:00.000Z,zone-a,temperature,16.9
2024-01-02T01:52:00.000Z,zone-a,light,715
2024-01-02T02:45:00.000Z,zone-d,temperature,31.9
2024-01-02T02:48:00.000Z,zone-b,humidity,54.7
2024-01-02T03:46:00.000Z,zone-b,light,123.6
2024-01-02T06:55:00.000Z,zone-b,temperature,19.2
2024-01-02T08:14:00.000Z,zone-c,humidity,58.1
2024-01-02T12:58:00.000Z,zone-c,temperature,20
2024-01-02T14:04:00.000Z,zone-b,pressure,1015.4
2024-01-02T14:17:00.000Z,zone-d,light,629.1
2024-01-02T15:01:00.000Z,zone-c,pressure,998.4
2024-01-02T17:05:00.000Z,zone-d,humidity,31.9
2024-01-02T18:01:00.000Z,zone-d,pressure,1014.5
2024-01-02T18:03:00.000Z,zone-a,pressure,1012.4
2024-01-02T20:18:00.000Z,zone-c,pressure,992.9
2024-01-02T22:11:00.000Z,zone-c,temperature,19.9
2024-01-02T22:11:00.000Z,zone-c,humidity,78.4
2024-01-03T02:02:00.000Z,zone-b,humidity,49.8
2024-01-03T02:32:00.000Z,zone-a,light,749.2
2024-01-03T03:36:00.000Z,zone-d,pressure,1008.7
2024-01-03T07:58:00.000Z,zone-b,pressure,994.7
2024-01-03T08:04:00.000Z,zone-b,temperature,35
2024-01-03T08:17:00.000Z,zone-d,light,234
2024-01-03T12:10:00.000Z,zone-d,humidity,55.7
2024-01-03T12:39:00.000Z,zone-a,humidity,78.1
2024-01-03T12:42:00.000Z,zone-c,light,157.6
2024-01-03T13:03:00.000Z,zone-b,light,169.3
2024-01-03T15:30:00.000Z,zone-d,temperature,17.5
2024-01-03T16:36:00.000Z,zone-a,pressure,1014
2024-01-03T17:22:00.000Z,zone-a,temperature,16.2
2024-01-03T18:39:00.000Z,zone-d,light,416.7
2024-01-03T19:19:00.000Z,zone-b,light,408.1
2024-01-03T20:04:00.000Z,zone-c,humidity,53.1
2024-01-03T22:12:00.000Z,zone-d,temperature,27.5
2024-01-04T01:58:00.000Z,zone-a,light,513.6
2024-01-04T05:14:00.000Z,zone-c,temperature,25.7
2024-01-04T05:15:00.000Z,zone-b,humidity,51.9
2024-01-04T06:29:00.000Z,zone-a,pressure,992.9
2024-01-04T09:04:00.000Z,zone-d,humidity,79.2
2024-01-04T10:15:00.000Z,zone-a,humidity,35.4
2024-01-04T10:50:00.000Z,zone-c,pressure,1004.7
2024-01-04T10:59:00.000Z,zone-a,temperature,20.4
2024-01-04T12:47:00.000Z,zone-d,pressure,996.9
2024-01-04T13:00:00.000Z,zone-c,light,225
2024-01-04T14:37:00.000Z,zone-b,pressure,990.6
2024-01-04T15:02:00.000Z,zone-b,temperature,17.7
2024-01-04T19:17:00.000Z,zone-a,humidity,44.4
2024-01-04T23:23:00.000Z,zone-b,pressure,990.8
2024-01-04T23:47:00.000Z,zone-a,pressure,1007.8
2024-01-05T01:28:00.000Z,zone-c,humidity,79.3
2024-01-05T02:29:00.000Z,zone-c,pressure,1002.4
2024-01-05T03:11:00.000Z,zone-d,humidity,38.8
2024-01-05T04:47:00.000Z,zone-b,temperature,25.9
2024-01-05T09:40:00.000Z,zone-d,light,738.3
2024-01-05T13:14:00.000Z,zone-b,humidity,65.3
2024-01-05T13:45:00.000Z,zone-d,temperature,34.9
2024-01-05T14:55:00.000Z,zone-d,pressure,1000.6
2024-01-05T15:09:00.000Z,zone-a,light,195.9
2024-01-05T16:55:00.000Z,zone-c,temperature,33.6
2024-01-05T17:37:00.000Z,zone-a,temperature,32.6
2024-01-05T17:38:00.000Z,zone-b,light,890.9
2024-01-05T17:39:00.000Z,zone-c,light,521.6
2024-01-05T19:52:00.000Z,zone-a,pressure,1014.3
2024-01-05T19:54:00.000Z,zone-d,temperature,30.9
2024-01-05T20:23:00.000Z,zone-d,humidity,70.9
2024-01-05T20:24:00.000Z,zone-a,light,391
2024-01-05T23:23:00.000Z,zone-c,humidity,31.6
2024-01-06T00:23:00.000Z,zone-c,temperature,27.6
2024-01-06T00:26:00.000Z,zone-c,pressure,993.3
2024-01-06T02:56:00.000Z,zone-d,pressure,995.9
2024-01-06T05:46:00.000Z,zone-c,light,688.8
2024-01-06T09:15:00.000Z,zone-b,pressure,990.6
2024-01-06T11:12:00.000Z,zone-b,humidity,39.5
2024-01-06T14:25:00.000Z,zone-b,temperature,29.8
2024-01-06T15:05:00.000Z,zone-d,light,421.5
2024-01-06T17:50:00.000Z,zone-b,light,248.8
2024-01-06T17:53:00.000Z,zone-a,humidity,53.9
2024-01-06T18:26:00.000Z,zone-a,temperature,24.2
2024-01-06T19:23:00.000Z,zone-a,temperature,27.1
2024-01-06T21:47:00.000Z,zone-d,pressure,1013.8
2024-01-07T01:04:00.000Z,zone-c,light,720.9
2024-01-07T01:31:00.000Z,zone-b,humidity,65
2024-01-07T03:24:00.000Z,zone-a,pressure,1001.3
2024-01-07T04:46:00.000Z,zone-b,light,740.6
2024-01-07T05:27:00.000Z,zone-d,light,623.6
2024-01-07T05:48:00.000Z,zone-c,humidity,44.7
2024-01-07T07:04:00.000Z,zone-b,pressure,1009
2024-01-07T07:29:00.000Z,zone-c,temperature,21.1
2024-01-07T11:04:00.000Z,zone-b,temperature,22.5
2024-01-07T14:09:00.000Z,zone-c,pressure,1011.4
2024-01-07T15:23:00.000Z,zone-a,humidity,72.5
2024-01-07T15:48:00.000Z,zone-d,temperature,33.9
2024-01-07T16:06:00.000Z,zone-d,humidity,32.2
2024-01-07T16:45:00.000Z,zone-a,light,226.6
2024-01-07T20:22:00.000Z,zone-c,temperature,24.9
2024-01-07T21:09:00.000Z,zone-a,light,860.4
2024-01-07T22:00:00.000Z,zone-c,light,869.8
2024-01-08T00:14:00.000Z,zone-c,humidity,70.8
2024-01-08T00:37:00.000Z,zone-b,humidity,67.3
2024-01-08T01:17:00.000Z,zone-a,pressure,1009.3
2024-01-08T02:05:00.000Z,zone-d,pressure,997.3
2024-01-08T03:09:00.000Z,zone-a,temperature,24
2024-01-08T03:11:00.000Z,zone-b,light,644.8
2024-01-08T06:06:00.000Z,zone-b,pressure,997
2024-01-08T10:12:00.000Z,zone-d,temperature,15.4
2024-01-08T10:59:00.000Z,zone-c,pressure,1014.9
2024-01-08T12:06:00.000Z,zone-b,temperature,16.1
2024-01-08T14:49:00.000Z,zone-d,light,557.8
2024-01-08T15:20:00.000Z,zone-a,humidity,75.5
2024-01-08T16:06:00.000Z,zone-d,humidity,56.4
2024-01-08T19:59:00.000Z,zone-c,light,611.8
2024-01-08T20:10:00.000Z,zone-d,pressure,1005
2024-01-08T22:40:00.000Z,zone-b,pressure,1009.7
2024-01-09T00:50:00.000Z,zone-c,humidity,44.2
2024-01-09T00:53:00.000Z,zone-a,temperature,15.6
2024-01-09T01:20:00.000Z,zone-a,light,166.5
2024-01-09T05:15:00.000Z,zone-a,humidity,68.3
2024-01-09T05:28:00.000Z,zone-d,light,887.9
2024-01-09T06:10:00.000Z,zone-b,light,612.1
2024-01-09T12:02:00.000Z,zone-b,humidity,40.7
2024-01-09T14:06:00.000Z,zone-b,temperature,23.4
2024-01-09T14:59:00.000Z,zone-a,pressure,1007.1
2024-01-09T15:09:00.000Z,zone-c,pressure,1013.1
2024-01-09T15:16:00.000Z,zone-d,temperature,32.6
2024-01-09T16:45:00.000Z,zone-c,temperature,18.1
2024-01-09T17:55:00.000Z,zone-d,humidity,75.2
2024-01-09T21:04:00.000Z,zone-a,light,449.6
2024-01-09T21:15:00.000Z,zone-a,humidity,32.5
2024-01-09T21:42:00.000Z,zone-a,pressure,993.1
2024-01-10T02:10:00.000Z,zone-c,light,142.4
2024-01-10T02:17:00.000Z,zone-c,humidity,32.6
2024-01-10T02:28:00.000Z,zone-d,light,374.9
2024-01-10T03:26:00.000Z,zone-b,humidity,62
2024-01-10T08:19:00.000Z,zone-b,light,649.6
2024-01-10T10:51:00.000Z,zone-c,temperature,33.1
2024-01-10T12:06:00.000Z,zone-b,pressure,1013
2024-01-10T12:26:00.000Z,zone-d,humidity,46.6
2024-01-10T13:12:00.000Z,zone-d,temperature,17.1
2024-01-10T14:51:00.000Z,zone-c,pressure,1011.5
2024-01-10T16:22:00.000Z,zone-d,pressure,1019.3
2024-01-10T16:34:00.000Z,zone-a,temperature,32.4
2024-01-10T18:04:00.000Z,zone-b,temperature,21
2024-01-10T20:30:00.000Z,zone-c,humidity,57.5
2024-01-10T20:41:00.000Z,zone-a,light,850.4
2024-01-10T21:41:00.000Z,zone-b,humidity,49
2024-01-10T22:41:00.000Z,zone-c,temperature,31.3
2024-01-11T00:50:00.000Z,zone-d,temperature,33.7
2024-01-11T02:07:00.000Z,zone-d,humidity,41.3
2024-01-11T02:31:00.000Z,zone-c,pressure,1018.8
2024-01-11T02:32:00.000Z,zone-b,light,727.5
2024-01-11T03:27:00.000Z,zone-a,temperature,22.5
2024-01-11T04:26:00.000Z,zone-a,humidity,49.6
2024-01-11T11:08:00.000Z,zone-d,pressure,996.5
2024-01-11T11:38:00.000Z,zone-d,light,865.8
2024-01-11T11:49:00.000Z,zone-b,pressure,992.2
2024-01-11T12:47:00.000Z,zone-a,pressure,992.2
2024-01-11T13:12:00.000Z,zone-c,light,143.1
2024-01-11T14:52:00.000Z,zone-b,temperature,28.7
2024-01-11T18:56:00.000Z,zone-d,light,738.1
2024-01-11T19:11:00.000Z,zone-c,pressure,999.3
2024-01-11T20:09:00.000Z,zone-c,temperature,18.9
2024-01-11T20:30:00.000Z,zone-d,humidity,38
2024-01-11T23:53:00.000Z,zone-c,light,352.3
2024-01-12T00:07:00.000Z,zone-a,pressure,997.8
2024-01-12T03:22:00.000Z,zone-d,pressure,1008
2024-01-12T04:47:00.000Z,zone-c,humidity,57.1
2024-01-12T05:51:00.000Z,zone-a,humidity,61.4
2024-01-12T06:04:00.000Z,zone-b,pressure,1013.5
2024-01-12T09:34:00.000Z,zone-b,humidity,33.6
2024-01-12T10:39:00.000Z,zone-d,temperature,27
2024-01-12T12:16:00.000Z,zone-b,light,752.8
2024-01-12T14:27:00.000Z,zone-a,temperature,19.3
2024-01-12T14:34:00.000Z,zone-a,light,560.9
2024-01-12T17:16:00.000Z,zone-b,temperature,33.8
2024-01-12T19:36:00.000Z,zone-b,light,738.7
2024-01-12T22:41:00.000Z,zone-c,light,266.5
2024-01-12T22:54:00.000Z,zone-b,pressure,1008.2
2024-01-13T00:10:00.000Z,zone-c,temperature,23.8
2024-01-13T02:01:00.000Z,zone-d,temperature,21.4
2024-01-13T02:16:00.000Z,zone-c,humidity,35.8
2024-01-13T06:34:00.000Z,zone-a,pressure,990.5
2024-01-13T07:46:00.000Z,zone-a,temperature,16.9
2024-01-13T09:52:00.000Z,zone-d,pressure,1019.7
2024-01-13T09:57:00.000Z,zone-a,light,281.8
2024-01-13T10:03:00.000Z,zone-a,humidity,65.1
2024-01-13T10:09:00.000Z,zone-b,temperature,17.5
2024-01-13T10:51:00.000Z,zone-d,humidity,65.7
2024-01-13T10:55:00.000Z,zone-b,humidity,53.6
2024-01-13T13:28:00.000Z,zone-d,light,859.1
2024-01-13T17:41:00.000Z,zone-c,pressure,1015.4
2024-01-13T19:17:00.000Z,zone-c,humidity,38
2024-01-13T19:54:00.000Z,zone-b,pressure,995
2024-01-14T00:46:00.000Z,zone-d,humidity,75.9
2024-01-14T03:58:00.000Z,zone-d,light,271.8
2024-01-14T06:58:00.000Z,zone-c,pressure,1015.8
2024-01-14T08:17:00.000Z,zone-a,humidity,75.4
2024-01-14T10:51:00.000Z,zone-d,temperature,34.1
2024-01-14T11:19:00.000Z,zone-b,light,754.8
2024-01-14T12:39:00.000Z,zone-b,temperature,28.7
2024-01-14T13:25:00.000Z,zone-a,temperature,19.3
2024-01-14T13:42:00.000Z,zone-c,light,585.2
2024-01-14T13:47:00.000Z,zone-a,pressure,1008.8
2024-01-14T13:47:00.000Z,zone-c,temperature,26.3
2024-01-14T14:13:00.000Z,zone-b,humidity,51.3
2024-01-14T15:13:00.000Z,zone-d,pressure,992.7
2024-01-14T15:23:00.000Z,zone-a,light,746.9
2024-01-14T18:54:00.000Z,zone-d,pressure,1016.7
2024-01-14T19:55:00.000Z,zone-c,humidity,41
2024-01-14T20:03:00.000Z,zone-c,pressure,1011.7
2024-01-14T22:03:00.000Z,zone-a,humidity,55.1
2024-01-15T00:44:00.000Z,zone-a,pressure,1010.2
2024-01-15T01:22:00.000Z,zone-d,temperature,24.2
2024-01-15T03:30:00.000Z,zone-b,light,476.5
2024-01-15T04:30:00.000Z,zone-b,temperature,27.4
2024-01-15T05:44:00.000Z,zone-a,temperature,27.1
2024-01-15T11:02:00.000Z,zone-c,temperature,25.8
2024-01-15T14:40:00.000Z,zone-d,humidity,74.6
2024-01-15T14:49:00.000Z,zone-a,light,735.5
2024-01-15T15:52:00.000Z,zone-c,light,562.5
2024-01-15T16:14:00.000Z,zone-d,light,840.4
2024-01-15T16:33:00.000Z,zone-b,humidity,77.4
2024-01-15T17:43:00.000Z,zone-b,pressure,1004.6
2024-01-15T18:45:00.000Z,zone-a,light,865.6
2024-01-15T19:05:00.000Z,zone-d,light,708.7
2024-01-15T20:56:00.000Z,zone-b,pressure,1012.6
2024-01-15T23:55:00.000Z,zone-c,pressure,1015.8
2024-01-16T05:37:00.000Z,zone-b,light,550.4
2024-01-16T06:48:00.000Z,zone-d,temperature,34.8
2024-01-16T07:08:00.000Z,zone-d,humidity,50.2
2024-01-16T09:32:00.000Z,zone-b,temperature,19.6
2024-01-16T09:39:00.000Z,zone-c,light,155.8
2024-01-16T11:29:00.000Z,zone-c,humidity,35.8
2024-01-16T12:15:00.000Z,zone-d,pressure,1018.9
2024-01-16T15:23:00.000Z,zone-c,temperature,21
2024-01-16T15:28:00.000Z,zone-a,temperature,27.2
2024-01-16T15:31:00.000Z,zone-a,pressure,998.6
2024-01-16T16:55:00.000Z,zone-b,humidity,78.6
2024-01-16T17:26:00.000Z,zone-a,humidity,77.6
2024-01-16T18:59:00.000Z,zone-a,temperature,25.9
2024-01-16T19:14:00.000Z,zone-c,light,681.9
2024-01-16T21:59:00.000Z,zone-b,humidity,61.1
2024-01-16T23:07:00.000Z,zone-d,pressure,1001
2024-01-17T03:33:00.000Z,zone-a,humidity,56.6
2024-01-17T04:48:00.000Z,zone-a,pressure,1007.5
2024-01-17T05:05:00.000Z,zone-b,temperature,22.7
2024-01-17T07:09:00.000Z,zone-d,humidity,35.6
2024-01-17T07:19:00.000Z,zone-c,humidity,52.6
2024-01-17T07:42:00.000Z,zone-b,pressure,1001.7
2024-01-17T08:16:00.000Z,zone-a,light,607.1
2024-01-17T09:42:00.000Z,zone-d,light,859.9
2024-01-17T10:50:00.000Z,zone-c,temperature,18.8
2024-01-17T10:58:00.000Z,zone-d,temperature,34
2024-01-17T12:22:00.000Z,zone-b,light,107.1
2024-01-17T17:23:00.000Z,zone-c,pressure,1019.9
2024-01-17T20:46:00.000Z,zone-a,pressure,993.3
2024-01-17T22:28:00.000Z,zone-c,temperature,19.5
2024-01-17T22:51:00.000Z,zone-a,humidity,48.3
2024-01-18T01:07:00.000Z,zone-d,pressure,1019.8
2024-01-18T01:27:00.000Z,zone-d,light,716.4
2024-01-18T02:04:00.000Z,zone-a,temperature,16.6
2024-01-18T02:17:00.000Z,zone-c,light,414.8
2024-01-18T05:15:00.000Z,zone-b,temperature,18.5
2024-01-18T05:18:00.000Z,zone-d,humidity,45.9
2024-01-18T06:42:00.000Z,zone-b,pressure,1002.6
2024-01-18T09:46:00.000Z,zone-c,pressure,998.2
2024-01-18T11:09:00.000Z,zone-d,temperature,26.2
2024-01-18T11:17:00.000Z,zone-b,light,537.2
2024-01-18T15:34:00.000Z,zone-b,humidity,42.4
2024-01-18T16:02:00.000Z,zone-c,humidity,57.8
2024-01-18T18:28:00.000Z,zone-a,light,420.8
2024-01-18T19:13:00.000Z,zone-b,humidity,76.7
2024-01-18T21:49:00.000Z,zone-c,temperature,17.2
2024-01-18T22:22:00.000Z,zone-c,light,198.2
2024-01-18T23:42:00.000Z,zone-a,temperature,21.7
2024-01-18T23:59:00.000Z,zone-d,light,269.6
2024-01-19T00:22:00.000Z,zone-d,temperature,27.7
2024-01-19T01:32:00.000Z,zone-b,temperature,28
2024-01-19T05:04:00.000Z,zone-b,pressure,998.3
2024-01-19T11:55:00.000Z,zone-a,pressure,1001.1
2024-01-19T13:25:00.000Z,zone-a,humidity,59.7
2024-01-19T13:58:00.000Z,zone-d,pressure,1003.6
2024-01-19T15:14:00.000Z,zone-a,light,205.5
2024-01-19T15:20:00.000Z,zone-b,light,477.3
2024-01-19T15:28:00.000Z,zone-c,humidity,65
2024-01-19T17:36:00.000Z,zone-c,pressure,1008
2024-01-19T17:55:00.000Z,zone-d,humidity,48.3
2024-01-19T20:27:00.000Z,zone-d,temperature,22.9
2024-01-19T20:35:00.000Z,zone-b,temperature,31.9
2024-01-20T01:01:00.000Z,zone-a,pressure,1017.4
2024-01-20T01:45:00.000Z,zone-a,humidity,78.3
2024-01-20T02:00:00.000Z,zone-b,humidity,71.9
2024-01-20T03:37:00.000Z,zone-d,humidity,59.1
2024-01-20T04:12:00.000Z,zone-c,light,406
2024-01-20T06:27:00.000Z,zone-c,pressure,1001.9
2024-01-20T08:25:00.000Z,zone-d,pressure,995.7
2024-01-20T08:28:00.000Z,zone-d,light,564.9
2024-01-20T10:00:00.000Z,zone-a,light,691
2024-01-20T10:10:00.000Z,zone-b,pressure,997.5
2024-01-20T12:08:00.000Z,zone-c,temperature,17.2
2024-01-20T13:10:00.000Z,zone-c,humidity,76
2024-01-20T13:51:00.000Z,zone-a,temperature,22.9
2024-01-20T14:29:00.000Z,zone-b,light,171
2024-01-20T20:31:00.000Z,zone-d,humidity,76.3
2024-01-20T21:03:00.000Z,zone-d,pressure,991.2
2024-01-21T00:47:00.000Z,zone-b,light,558.4
2024-01-21T01:43:00.000Z,zone-c,temperature,27
2024-01-21T03:02:00.000Z,zone-c,light,106
2024-01-21T06:36:00.000Z,zone-d,temperature,33.6
2024-01-21T07:58:00.000Z,zone-b,humidity,33.7
2024-01-21T08:05:00.000Z,zone-a,pressure,1004.7
2024-01-21T09:32:00.000Z,zone-c,humidity,36.5
2024-01-21T09:37:00.000Z,zone-b,pressure,998.2
2024-01-21T11:18:00.000Z,zone-a,temperature,18.9
2024-01-21T13:52:00.000Z,zone-a,humidity,35
2024-01-21T15:02:00.000Z,zone-a,light,892.6
2024-01-21T16:35:00.000Z,zone-b,temperature,31.1
2024-01-21T16:45:00.000Z,zone-d,light,565.7
2024-01-21T18:05:00.000Z,zone-c,pressure,1014.5
2024-01-21T19:24:00.000Z,zone-d,light,870.4
2024-01-21T19:48:00.000Z,zone-d,temperature,18.1
2024-01-21T20:39:00.000Z,zone-a,temperature,21.4
2024-01-21T23:59:00.000Z,zone-a,humidity,37
2024-01-22T00:13:00.000Z,zone-b,light,322.6
2024-01-22T03:13:00.000Z,zone-c,pressure,1001.2
2024-01-22T04:42:00.000Z,zone-a,pressure,1016.3
2024-01-22T05:17:00.000Z,zone-c,temperature,31.1
2024-01-22T06:47:00.000Z,zone-d,pressure,991.5
2024-01-22T07:25:00.000Z,zone-d,humidity,37.7
2024-01-22T10:43:00.000Z,zone-c,light,170.7
2024-01-22T12:46:00.000Z,zone-c,humidity,69.3
2024-01-22T14:53:00.000Z,zone-b,humidity,79.2
2024-01-22T15:04:00.000Z,zone-b,pressure,1004.4
2024-01-22T17:02:00.000Z,zone-b,temperature,34.8
2024-01-22T17:58:00.000Z,zone-a,light,229.1
2024-01-22T20:58:00.000Z,zone-a,light,289.9
2024-01-22T23:56:00.000Z,zone-b,humidity,53.2
2024-01-23T04:19:00.000Z,zone-a,temperature,34.9
2024-01-23T08:22:00.000Z,zone-b,pressure,1018.2
2024-01-23T08:53:00.000Z,zone-c,humidity,71.4
2024-01-23T08:56:00.000Z,zone-c,light,728.3
2024-01-23T09:37:00.000Z,zone-c,temperature,21.8
2024-01-23T10:56:00.000Z,zone-c,pressure,1019.6
2024-01-23T11:12:00.000Z,zone-b,light,354.6
2024-01-23T11:36:00.000Z,zone-d,light,149.7
2024-01-23T12:33:00.000Z,zone-d,pressure,994.7
2024-01-23T13:14:00.000Z,zone-a,humidity,42.5
2024-01-23T16:01:00.000Z,zone-d,temperature,22.3
2024-01-23T16:39:00.000Z,zone-b,temperature,31.4
2024-01-23T16:52:00.000Z,zone-a,pressure,1005.3
2024-01-23T17:31:00.000Z,zone-d,humidity,55.3
2024-01-23T20:11:00.000Z,zone-c,pressure,1008.1
2024-01-23T22:37:00.000Z,zone-c,humidity,34
2024-01-23T22:38:00.000Z,zone-c,light,544.8
2024-01-23T23:28:00.000Z,zone-b,temperature,33.7
2024-01-24T00:32:00.000Z,zone-d,pressure,993.1
2024-01-24T01:40:00.000Z,zone-d,temperature,32
2024-01-24T02:45:00.000Z,zone-a,humidity,38.9
2024-01-24T03:06:00.000Z,zone-c,temperature,31
2024-01-24T04:41:00.000Z,zone-b,humidity,32.5
2024-01-24T05:19:00.000Z,zone-b,light,480.9
2024-01-24T05:36:00.000Z,zone-a,pressure,1015.7
2024-01-24T05:53:00.000Z,zone-d,humidity,78.9
2024-01-24T06:14:00.000Z,zone-a,temperature,31.4
2024-01-24T10:13:00.000Z,zone-d,light,580.3
2024-01-24T11:33:00.000Z,zone-b,pressure,1004.2
2024-01-24T15:24:00.000Z,zone-a,light,505.6
2024-01-24T18:43:00.000Z,zone-c,temperature,29.3
2024-01-24T19:07:00.000Z,zone-b,humidity,78.1
2024-01-24T22:06:00.000Z,zone-c,humidity,69.6
2024-01-24T23:07:00.000Z,zone-d,humidity,74.6
2024-01-24T23:38:00.000Z,zone-c,pressure,1006.1
2024-01-25T00:46:00.000Z,zone-a,temperature,23.4
2024-01-25T02:58:00.000Z,zone-b,temperature,30.7
2024-01-25T03:39:00.000Z,zone-c,light,856
2024-01-25T07:32:00.000Z,zone-a,light,215.6
2024-01-25T09:24:00.000Z,zone-a,pressure,1011.9
2024-01-25T11:08:00.000Z,zone-b,light,682.9
2024-01-25T11:42:00.000Z,zone-b,pressure,1009.7
2024-01-25T12:08:00.000Z,zone-d,light,539.8
2024-01-25T14:35:00.000Z,zone-a,humidity,55.2
2024-01-25T15:07:00.000Z,zone-d,temperature,18.8
2024-01-25T16:06:00.000Z,zone-d,pressure,993
2024-01-25T21:25:00.000Z,zone-b,humidity,74.7
2024-01-25T21:38:00.000Z,zone-b,pressure,1013.7
2024-01-26T01:03:00.000Z,zone-d,temperature,17.1
2024-01-26T01:05:00.000Z,zone-a,pressure,1013
2024-01-26T02:27:00.000Z,zone-d,pressure,1008.3
2024-01-26T04:20:00.000Z,zone-a,light,468.1
2024-01-26T04:52:00.000Z,zone-b,light,448.4
2024-01-26T05:17:00.000Z,zone-c,pressure,996.2
2024-01-26T07:19:00.000Z,zone-c,temperature,16.5
2024-01-26T10:42:00.000Z,zone-a,humidity,60.2
2024-01-26T10:52:00.000Z,zone-c,humidity,46.5
2024-01-26T10:57:00.000Z,zone-d,light,582.5
2024-01-26T13:02:00.000Z,zone-c,light,230.5
2024-01-26T14:03:00.000Z,zone-d,humidity,73.5
2024-01-26T15:45:00.000Z,zone-a,temperature,19.2
2024-01-26T17:14:00.000Z,zone-b,temperature,26.7
2024-01-26T22:43:00.000Z,zone-b,temperature,29.8
2024-01-26T23:21:00.000Z,zone-a,pressure,1004.6
2024-01-27T01:45:00.000Z,zone-c,humidity,62
2024-01-27T01:50:00.000Z,zone-c,pressure,1008
2024-01-27T02:07:00.000Z,zone-d,humidity,74.1
2024-01-27T02:38:00.000Z,zone-c,light,598.8
2024-01-27T04:47:00.000Z,zone-d,light,360.4
2024-01-27T05:32:00.000Z,zone-b,pressure,993.3
2024-01-27T06:38:00.000Z,zone-d,temperature,17.5
2024-01-27T06:46:00.000Z,zone-b,light,544.6
2024-01-27T06:57:00.000Z,zone-b,humidity,77.6
2024-01-27T08:44:00.000Z,zone-c,temperature,24.8
2024-01-27T11:37:00.000Z,zone-a,light,816.2
2024-01-27T13:57:00.000Z,zone-a,temperature,32.7
2024-01-27T17:02:00.000Z,zone-a,humidity,72.5
2024-01-27T17:56:00.000Z,zone-d,pressure,991.9
2024-01-27T18:48:00.000Z,zone-b,humidity,70.1
2024-01-27T21:32:00.000Z,zone-d,light,236
2024-01-27T22:22:00.000Z,zone-c,humidity,38.9
2024-01-27T23:47:00.000Z,zone-b,pressure,1013.1
2024-01-28T01:24:00.000Z,zone-d,pressure,1020
2024-01-28T01:38:00.000Z,zone-b,light,582.3
2024-01-28T03:05:00.000Z,zone-d,temperature,29.4
2024-01-28T04:05:00.000Z,zone-d,humidity,63.8
2024-01-28T07:07:00.000Z,zone-c,light,597.5
2024-01-28T11:31:00.000Z,zone-a,pressure,1014.1
2024-01-28T13:58:00.000Z,zone-b,temperature,19.2
2024-01-28T14:10:00.000Z,zone-c,pressure,1011
2024-01-28T14:16:00.000Z,zone-a,humidity,41.7
2024-01-28T15:33:00.000Z,zone-a,temperature,15.4
2024-01-28T17:55:00.000Z,zone-a,light,590.3
2024-01-28T18:15:00.000Z,zone-c,temperature,30.4
2024-01-28T21:02:00.000Z,zone-b,temperature,15.2
2024-01-28T22:59:00.000Z,zone-b,light,445.5
2024-01-29T02:46:00.000Z,zone-a,pressure,1019.3
2024-01-29T04:03:00.000Z,zone-d,temperature,28.2
2024-01-29T08:13:00.000Z,zone-a,humidity,69.3
2024-01-29T08:53:00.000Z,zone-d,pressure,1003.3
2024-01-29T08:58:00.000Z,zone-a,light,244.4
2024-01-29T08:59:00.000Z,zone-d,humidity,46.1
2024-01-29T10:11:00.000Z,zone-b,humidity,53.6
2024-01-29T10:55:00.000Z,zone-a,temperature,31.7
2024-01-29T11:48:00.000Z,zone-c,humidity,70.8
2024-01-29T11:54:00.000Z,zone-b,pressure,1014.7
2024-01-29T14:14:00.000Z,zone-c,temperature,29.4
2024-01-29T17:30:00.000Z,zone-c,light,684.9
2024-01-29T17:53:00.000Z,zone-d,light,701.9
2024-01-29T18:17:00.000Z,zone-c,pressure,990.8
2024-01-29T19:53:00.000Z,zone-a,light,426.9
2024-01-29T20:03:00.000Z,zone-a,humidity,32.3
2024-01-29T22:42:00.000Z,zone-c,pressure,998.2
2024-01-30T00:56:00.000Z,zone-d,humidity,70.8
2024-01-30T02:41:00.000Z,zone-d,pressure,992.6
2024-01-30T06:20:00.000Z,zone-a,pressure,1010.6
2024-01-30T08:01:00.000Z,zone-d,temperature,33.8
2024-01-30T08:08:00.000Z,zone-b,pressure,1015.6
2024-01-30T10:48:00.000Z,zone-a,temperature,18
2024-01-30T11:27:00.000Z,zone-b,humidity,65.2
2024-01-30T12:24:00.000Z,zone-b,light,792.3
2024-01-30T13:52:00.000Z,zone-b,temperature,18.6
2024-01-30T16:53:00.000Z,zone-c,humidity,55.6
2024-01-30T16:54:00.000Z,zone-c,temperature,21
2024-01-30T18:05:00.000Z,zone-c,light,792.7
2024-01-30T18:21:00.000Z,zone-d,light,788.2
2024-01-30T19:17:00.000Z,zone-a,light,589.1
2024-01-30T19:21:00.000Z,zone-a,temperature,27.2
2024-01-30T21:44:00.000Z,zone-b,humidity,55.4
2024-01-30T22:20:00.000Z,zone-d,pressure,1008.7
2024-01-31T01:37:00.000Z,zone-c,light,369
2024-01-31T01:48:00.000Z,zone-b,light,677.4
2024-01-31T05:01:00.000Z,zone-d,temperature,34.2
2024-01-31T05:48:00.000Z,zone-c,pressure,998.9
2024-01-31T06:05:00.000Z,zone-d,humidity,58.8
2024-01-31T10:01:00.000Z,zone-d,light,251.8
2024-01-31T10:35:00.000Z,zone-a,pressure,998.8
2024-01-31T12:56:00.000Z,zone-c,humidity,32.9
2024-01-31T13:49:00.000Z,zone-a,humidity,59.7
2024-01-31T14:50:00.000Z,zone-b,temperature,17.8
2024-01-31T14:55:00.000Z,zone-b,pressure,1006.5
2024-01-31T18:00:00.000Z,zone-c,temperature,28.8
2024-01-31T20:55:00.000Z,zone-a,humidity,64.7
2024-01-31T21:05:00.000Z,zone-a,pressure,1016.8
2024-01-31T23:25:00.000Z,zone-d,humidity,74.3
2024-02-01T01:42:00.000Z,zone-b,light,550.4
2024-02-01T03:21:00.000Z,zone-c,temperature,33.1
2024-02-01T03:47:00.000Z,zone-d,light,657.9
2024-02-01T03:51:00.000Z,zone-b,humidity,42.9
2024-02-01T07:13:00.000Z,zone-a,temperature,24.8
2024-02-01T07:55:00.000Z,zone-c,humidity,42
2024-02-01T11:54:00.000Z,zone-c,light,163.8
2024-02-01T12:37:00.000Z,zone-b,pressure,994.3
2024-02-01T14:45:00.000Z,zone-a,light,320.1
2024-02-01T16:43:00.000Z,zone-b,temperature,18.4
2024-02-01T16:43:00.000Z,zone-c,pressure,1004.7
2024-02-01T16:59:00.000Z,zone-d,pressure,1016.2
2024-02-01T17:09:00.000Z,zone-d,temperature,25.8
2024-02-01T18:52:00.000Z,zone-d,humidity,78.3
2024-02-01T19:24:00.000Z,zone-b,pressure,1014.8
2024-02-01T21:01:00.000Z,zone-a,temperature,30.2
2024-02-01T22:00:00.000Z,zone-d,light,399.6
2024-02-01T23:05:00.000Z,zone-a,light,713.5
2024-02-02T01:19:00.000Z,zone-c,light,741.8
2024-02-02T01:50:00.000Z,zone-d,pressure,1018.3
2024-02-02T03:02:00.000Z,zone-b,temperature,17.6
2024-02-02T03:29:00.000Z,zone-b,light,533.1
2024-02-02T08:52:00.000Z,zone-a,humidity,72.7
2024-02-02T09:13:00.000Z,zone-a,pressure,1002.9
2024-02-02T11:59:00.000Z,zone-c,temperature,33.5
2024-02-02T13:16:00.000Z,zone-d,temperature,32.8
2024-02-02T14:42:00.000Z,zone-c,pressure,990.9
2024-02-02T15:24:00.000Z,zone-b,humidity,41.9
2024-02-02T16:51:00.000Z,zone-c,humidity,44.7
2024-02-02T19:09:00.000Z,zone-a,pressure,1014.9
2024-02-02T21:10:00.000Z,zone-a,light,623.3
2024-02-02T23:45:00.000Z,zone-c,pressure,1014.5
2024-02-03T02:28:00.000Z,zone-c,humidity,63
2024-02-03T02:40:00.000Z,zone-d,pressure,1004.1
2024-02-03T03:04:00.000Z,zone-d,humidity,67.5
2024-02-03T03:21:00.000Z,zone-a,temperature,22.4
2024-02-03T05:53:00.000Z,zone-c,light,646.4
2024-02-03T06:23:00.000Z,zone-c,temperature,23.5
2024-02-03T07:09:00.000Z,zone-a,humidity,43.1
2024-02-03T08:36:00.000Z,zone-b,temperature,21.9
2024-02-03T09:01:00.000Z,zone-b,humidity,69.6
2024-02-03T12:53:00.000Z,zone-d,temperature,19.5
2024-02-03T16:31:00.000Z,zone-d,light,782.7
2024-02-03T17:44:00.000Z,zone-b,pressure,996.4
2024-02-03T17:53:00.000Z,zone-b,light,801.9
2024-02-03T19:31:00.000Z,zone-d,temperature,32.6
2024-02-03T21:08:00.000Z,zone-b,light,255.3
2024-02-03T21:29:00.000Z,zone-c,humidity,44.7
2024-02-03T22:35:00.000Z,zone-a,humidity,44.8
2024-02-03T23:45:00.000Z,zone-c,light,536.7
2024-02-04T00:28:00.000Z,zone-c,temperature,31.5
2024-02-04T02:33:00.000Z,zone-d,light,466
2024-02-04T06:38:00.000Z,zone-a,light,587.4
2024-02-04T07:13:00.000Z,zone-a,temperature,34.5
2024-02-04T12:48:00.000Z,zone-b,temperature,24
2024-02-04T13:14:00.000Z,zone-c,pressure,1003.6
2024-02-04T13:19:00.000Z,zone-b,pressure,995.6
2024-02-04T13:59:00.000Z,zone-b,humidity,59.4
2024-02-04T14:33:00.000Z,zone-d,humidity,30.3
2024-02-04T16:31:00.000Z,zone-a,pressure,997.6
2024-02-04T17:41:00.000Z,zone-d,pressure,1019.3
2024-02-04T19:01:00.000Z,zone-c,humidity,76.5
2024-02-04T19:49:00.000Z,zone-d,humidity,52.9
2024-02-04T19:58:00.000Z,zone-a,humidity,43.4
2024-02-04T20:03:00.000Z,zone-a,temperature,30.8
2024-02-04T21:41:00.000Z,zone-c,temperature,31.7
2024-02-05T00:55:00.000Z,zone-d,pressure,1005.2
2024-02-05T02:57:00.000Z,zone-a,pressure,993.2
2024-02-05T10:07:00.000Z,zone-d,temperature,29.9
2024-02-05T12:23:00.000Z,zone-b,pressure,993.5
2024-02-05T12:32:00.000Z,zone-b,light,803.7
2024-02-05T14:11:00.000Z,zone-a,light,751.4
2024-02-05T15:05:00.000Z,zone-d,light,426.8
2024-02-05T15:10:00.000Z,zone-c,light,711.5
2024-02-05T15:20:00.000Z,zone-b,humidity,42.8
2024-02-05T16:46:00.000Z,zone-c,pressure,1008.1
2024-02-05T17:42:00.000Z,zone-b,temperature,31.1
2024-02-05T19:19:00.000Z,zone-b,temperature,22.9
2024-02-05T21:45:00.000Z,zone-b,pressure,1009.2
2024-02-06T00:56:00.000Z,zone-c,light,480
2024-02-06T01:24:00.000Z,zone-b,humidity,77.7
2024-02-06T04:47:00.000Z,zone-d,light,648.6
2024-02-06T07:51:00.000Z,zone-d,temperature,33.6
2024-02-06T09:23:00.000Z,zone-a,temperature,30.1
2024-02-06T09:57:00.000Z,zone-c,humidity,53.6
2024-02-06T10:43:00.000Z,zone-a,humidity,49.3
2024-02-06T10:58:00.000Z,zone-a,pressure,1017.6
2024-02-06T11:09:00.000Z,zone-d,humidity,56.8
2024-02-06T12:23:00.000Z,zone-c,temperature,32.2
2024-02-06T12:37:00.000Z,zone-c,pressure,1003.5
2024-02-06T13:23:00.000Z,zone-b,light,586.9
2024-02-06T14:30:00.000Z,zone-a,light,722
2024-02-06T17:14:00.000Z,zone-d,pressure,1006.1
2024-02-06T20:39:00.000Z,zone-c,temperature,24.3
2024-02-07T02:14:00.000Z,zone-d,humidity,44.1
2024-02-07T02:43:00.000Z,zone-d,pressure,1016.7
2024-02-07T03:46:00.000Z,zone-c,pressure,1011.3
2024-02-07T05:28:00.000Z,zone-d,light,144.7
2024-02-07T07:16:00.000Z,zone-b,temperature,25.9
2024-02-07T08:50:00.000Z,zone-d,temperature,15.7
2024-02-07T09:44:00.000Z,zone-a,humidity,32.9
2024-02-07T09:46:00.000Z,zone-c,humidity,75.5
2024-02-07T12:15:00.000Z,zone-b,light,814.5
2024-02-07T12:53:00.000Z,zone-b,humidity,45.7
2024-02-07T13:01:00.000Z,zone-a,light,759.2
2024-02-07T15:48:00.000Z,zone-a,temperature,18.2
2024-02-07T17:01:00.000Z,zone-b,pressure,994.3
2024-02-07T17:22:00.000Z,zone-a,pressure,1009.1
2024-02-07T17:24:00.000Z,zone-c,light,412
2024-02-07T19:07:00.000Z,zone-c,humidity,45.4
2024-02-07T19:51:00.000Z,zone-a,light,662.8
2024-02-07T22:13:00.000Z,zone-b,pressure,1017.5
2024-02-07T22:47:00.000Z,zone-a,temperature,32
2024-02-07T23:04:00.000Z,zone-d,pressure,999.7
2024-02-08T01:16:00.000Z,zone-b,humidity,51.4
2024-02-08T02:13:00.000Z,zone-d,humidity,56.4
2024-02-08T03:38:00.000Z,zone-b,light,577.5
2024-02-08T04:16:00.000Z,zone-c,temperature,15.1
2024-02-08T07:00:00.000Z,zone-c,light,229
2024-02-08T09:56:00.000Z,zone-a,humidity,31.8
2024-02-08T09:59:00.000Z,zone-b,temperature,20.9
2024-02-08T10:12:00.000Z,zone-c,pressure,991.4
2024-02-08T12:17:00.000Z,zone-d,temperature,31.7
2024-02-08T16:15:00.000Z,zone-d,light,394.2
2024-02-08T17:17:00.000Z,zone-a,pressure,996.1
2024-02-08T19:44:00.000Z,zone-c,temperature,21
2024-02-08T20:18:00.000Z,zone-d,light,733.4
2024-02-08T20:22:00.000Z,zone-b,pressure,1015.4
2024-02-08T22:21:00.000Z,zone-a,light,398.1
2024-02-09T00:41:00.000Z,zone-d,temperature,30.9
2024-02-09T01:18:00.000Z,zone-a,pressure,1002.3
2024-02-09T05:07:00.000Z,zone-b,light,688.2
2024-02-09T08:08:00.000Z,zone-b,temperature,16.8
2024-02-09T08:15:00.000Z,zone-a,temperature,16.1
2024-02-09T08:30:00.000Z,zone-b,humidity,58.6
2024-02-09T09:47:00.000Z,zone-a,humidity,33.7
2024-02-09T11:46:00.000Z,zone-d,humidity,42.5
2024-02-09T12:17:00.000Z,zone-c,light,682.1
2024-02-09T13:53:00.000Z,zone-d,pressure,996.4
2024-02-09T17:46:00.000Z,zone-c,humidity,36.8
2024-02-09T18:28:00.000Z,zone-c,pressure,1009.9
2024-02-09T21:36:00.000Z,zone-a,pressure,1002.9
2024-02-09T23:33:00.000Z,zone-d,humidity,75.3
2024-02-09T23:41:00.000Z,zone-b,temperature,16.6
2024-02-10T04:31:00.000Z,zone-a,temperature,32.2
2024-02-10T06:07:00.000Z,zone-b,pressure,1003.8
2024-02-10T06:32:00.000Z,zone-c,temperature,23.6
2024-02-10T06:54:00.000Z,zone-a,humidity,73
2024-02-10T08:19:00.000Z,zone-b,humidity,55.1
2024-02-10T08:51:00.000Z,zone-c,light,546.9
2024-02-10T09:03:00.000Z,zone-d,light,160.9
2024-02-10T09:29:00.000Z,zone-b,light,481.9
2024-02-10T11:27:00.000Z,zone-c,humidity,67.8
2024-02-10T11:50:00.000Z,zone-d,temperature,32.8
2024-02-10T12:09:00.000Z,zone-c,pressure,1004
2024-02-10T13:53:00.000Z,zone-a,light,552.6
2024-02-10T15:25:00.000Z,zone-d,pressure,1001.8
2024-02-10T22:42:00.000Z,zone-c,light,111.3
2024-02-11T02:34:00.000Z,zone-d,temperature,18
2024-02-11T02:49:00.000Z,zone-a,temperature,20.4
2024-02-11T06:09:00.000Z,zone-d,light,656.6
2024-02-11T06:44:00.000Z,zone-d,pressure,1003.9
2024-02-11T06:56:00.000Z,zone-a,light,191
2024-02-11T08:54:00.000Z,zone-b,humidity,76.7
2024-02-11T09:52:00.000Z,zone-a,pressure,994.3
2024-02-11T11:19:00.000Z,zone-d,humidity,48.9
2024-02-11T11:41:00.000Z,zone-b,temperature,16.8
2024-02-11T11:59:00.000Z,zone-b,pressure,998.6
2024-02-11T12:01:00.000Z,zone-c,humidity,53.9
2024-02-11T12:50:00.000Z,zone-b,light,600.9
2024-02-11T13:13:00.000Z,zone-c,temperature,20
2024-02-11T14:12:00.000Z,zone-a,humidity,74.5
2024-02-11T17:21:00.000Z,zone-c,pressure,1011
2024-02-11T19:33:00.000Z,zone-c,humidity,40.6
2024-02-11T23:16:00.000Z,zone-d,pressure,1019.4
2024-02-12T00:55:00.000Z,zone-a,light,885.5
2024-02-12T02:00:00.000Z,zone-b,pressure,1016
2024-02-12T03:17:00.000Z,zone-b,light,751.3
2024-02-12T05:09:00.000Z,zone-d,humidity,71.5
2024-02-12T07:39:00.000Z,zone-a,humidity,30.7
2024-02-12T09:00:00.000Z,zone-b,humidity,77.5
2024-02-12T10:01:00.000Z,zone-a,pressure,995.9
2024-02-12T13:18:00.000Z,zone-d,temperature,18.8
2024-02-12T14:28:00.000Z,zone-c,temperature,16.2
2024-02-12T15:14:00.000Z,zone-d,light,571.7
2024-02-12T15:22:00.000Z,zone-a,temperature,33.7
2024-02-12T15:35:00.000Z,zone-b,temperature,29.9
2024-02-12T15:44:00.000Z,zone-c,pressure,1012.5
2024-02-12T18:12:00.000Z,zone-c,light,139.3
2024-02-12T20:27:00.000Z,zone-a,humidity,35.5
2024-02-12T22:21:00.000Z,zone-b,light,844.8
2024-02-13T01:31:00.000Z,zone-c,temperature,32.5
2024-02-13T02:26:00.000Z,zone-d,temperature,19.5
2024-02-13T03:03:00.000Z,zone-c,humidity,71.1
2024-02-13T07:33:00.000Z,zone-d,light,557.2
2024-02-13T09:38:00.000Z,zone-d,humidity,37.5
2024-02-13T10:31:00.000Z,zone-c,light,133
2024-02-13T10:53:00.000Z,zone-b,pressure,1002.3
2024-02-13T12:39:00.000Z,zone-a,temperature,24.9
2024-02-13T13:13:00.000Z,zone-a,light,671.7
2024-02-13T13:34:00.000Z,zone-b,humidity,60.3
2024-02-13T14:59:00.000Z,zone-c,pressure,1003.7
2024-02-13T15:08:00.000Z,zone-a,pressure,1010.8
2024-02-13T15:26:00.000Z,zone-b,temperature,27.7
2024-02-13T18:11:00.000Z,zone-d,pressure,1007.3
2024-02-13T19:37:00.000Z,zone-a,pressure,1000
2024-02-13T20:00:00.000Z,zone-c,temperature,23.2
2024-02-13T21:28:00.000Z,zone-c,humidity,79.4
2024-02-13T22:19:00.000Z,zone-b,pressure,997.2
2024-02-13T22:44:00.000Z,zone-b,humidity,40.9
2024-02-13T23:00:00.000Z,zone-a,humidity,36.5
2024-02-14T01:03:00.000Z,zone-c,light,693
2024-02-14T01:21:00.000Z,zone-b,light,380.3
2024-02-14T01:58:00.000Z,zone-d,humidity,56.1
2024-02-14T04:07:00.000Z,zone-d,pressure,1012.7
2024-02-14T04:32:00.000Z,zone-a,light,232.2
2024-02-14T08:08:00.000Z,zone-a,temperature,27.7
2024-02-14T08:10:00.000Z,zone-c,pressure,992.1
2024-02-14T08:17:00.000Z,zone-d,light,576.9
2024-02-14T08:25:00.000Z,zone-d,temperature,26
2024-02-14T12:45:00.000Z,zone-b,temperature,21
2024-02-14T19:37:00.000Z,zone-c,pressure,1015.4
2024-02-15T00:29:00.000Z,zone-d,temperature,31.8
2024-02-15T00:42:00.000Z,zone-d,pressure,1018.7
2024-02-15T05:36:00.000Z,zone-c,temperature,16.6
2024-02-15T07:12:00.000Z,zone-d,light,188.5
2024-02-15T07:41:00.000Z,zone-a,pressure,991.4
2024-02-15T08:07:00.000Z,zone-d,humidity,34.2
2024-02-15T08:31:00.000Z,zone-b,humidity,70.7
2024-02-15T11:48:00.000Z,zone-c,light,210.7
2024-02-15T11:55:00.000Z,zone-b,light,556.8
2024-02-15T12:16:00.000Z,zone-c,humidity,78.8
2024-02-15T13:21:00.000Z,zone-a,light,599.9
2024-02-15T14:42:00.000Z,zone-a,humidity,30.8
2024-02-15T14:43:00.000Z,zone-b,pressure,1000.9
2024-02-15T15:27:00.000Z,zone-a,temperature,17.2
2024-02-15T17:22:00.000Z,zone-b,temperature,23.1
2024-02-15T19:06:00.000Z,zone-b,humidity,78
2024-02-15T19:17:00.000Z,zone-b,pressure,1004
2024-02-15T20:07:00.000Z,zone-a,temperature,25.5
2024-02-15T20:41:00.000Z,zone-d,temperature,33.2
2024-02-15T20:58:00.000Z,zone-b,light,830.9
2024-02-15T21:38:00.000Z,zone-d,light,559.8
2024-02-16T00:32:00.000Z,zone-c,light,704.8
2024-02-16T01:23:00.000Z,zone-c,humidity,33.2
2024-02-16T01:38:00.000Z,zone-d,pressure,991.8
2024-02-16T03:31:00.000Z,zone-a,pressure,1001.5
2024-02-16T04:30:00.000Z,zone-d,humidity,33.5
2024-02-16T08:22:00.000Z,zone-c,temperature,27.5
2024-02-16T09:41:00.000Z,zone-c,pressure,1001.2
2024-02-16T10:26:00.000Z,zone-a,light,307.6
2024-02-16T12:35:00.000Z,zone-a,humidity,56.5
2024-02-16T16:18:00.000Z,zone-b,temperature,16.4
2024-02-16T18:43:00.000Z,zone-a,pressure,1017
2024-02-16T20:39:00.000Z,zone-b,temperature,22.3
2024-02-16T23:51:00.000Z,zone-c,pressure,990.5
2024-02-17T00:19:00.000Z,zone-d,pressure,1007.7
2024-02-17T01:13:00.000Z,zone-c,humidity,65.7
2024-02-17T05:01:00.000Z,zone-a,humidity,31.2
2024-02-17T05:58:00.000Z,zone-d,light,151.4
2024-02-17T06:25:00.000Z,zone-b,light,138.2
2024-02-17T07:09:00.000Z,zone-b,humidity,69.7
2024-02-17T07:32:00.000Z,zone-d,temperature,30.8
2024-02-17T07:50:00.000Z,zone-d,humidity,64.5
2024-02-17T08:46:00.000Z,zone-c,temperature,15.9
2024-02-17T14:28:00.000Z,zone-a,light,864.1
2024-02-17T17:14:00.000Z,zone-b,pressure,1019.8
2024-02-17T17:22:00.000Z,zone-a,temperature,34.2
2024-02-17T18:04:00.000Z,zone-c,light,678.1
2024-02-17T19:42:00.000Z,zone-c,temperature,17.9
2024-02-17T20:00:00.000Z,zone-b,pressure,1019.9
2024-02-17T20:17:00.000Z,zone-c,humidity,78.7
2024-02-17T20:43:00.000Z,zone-c,pressure,1016.8
2024-02-17T21:32:00.000Z,zone-d,light,189.8
2024-02-17T23:32:00.000Z,zone-d,temperature,32.8
2024-02-18T03:12:00.000Z,zone-d,humidity,48.4
2024-02-18T04:59:00.000Z,zone-a,pressure,1004.4
2024-02-18T05:23:00.000Z,zone-c,light,853.6
2024-02-18T06:11:00.000Z,zone-b,light,468.9
2024-02-18T06:50:00.000Z,zone-a,light,561.7
2024-02-18T08:57:00.000Z,zone-d,pressure,1009.3
2024-02-18T09:29:00.000Z,zone-a,humidity,67.7
2024-02-18T10:16:00.000Z,zone-b,temperature,28
2024-02-18T10:52:00.000Z,zone-b,humidity,60.6
2024-02-18T18:11:00.000Z,zone-a,temperature,28.2
2024-02-18T21:15:00.000Z,zone-a,light,224.4
2024-02-18T23:33:00.000Z,zone-b,humidity,61.9
2024-02-19T01:04:00.000Z,zone-c,pressure,993
2024-02-19T01:11:00.000Z,zone-c,temperature,26.1
2024-02-19T02:22:00.000Z,zone-d,humidity,73.1
2024-02-19T03:53:00.000Z,zone-c,light,284
2024-02-19T06:56:00.000Z,zone-b,light,885.9
2024-02-19T07:15:00.000Z,zone-a,temperature,32.7
2024-02-19T07:52:00.000Z,zone-a,humidity,48.8
2024-02-19T09:37:00.000Z,zone-b,pressure,1002
2024-02-19T11:15:00.000Z,zone-d,light,129.1
2024-02-19T11:58:00.000Z,zone-b,temperature,26
2024-02-19T12:19:00.000Z,zone-d,pressure,1004.6
2024-02-19T12:52:00.000Z,zone-d,temperature,29.9
2024-02-19T13:03:00.000Z,zone-a,pressure,990.9
2024-02-19T18:18:00.000Z,zone-c,humidity,63.2
2024-02-19T18:41:00.000Z,zone-b,humidity,59
2024-02-19T19:25:00.000Z,zone-a,temperature,22.1
2024-02-19T21:16:00.000Z,zone-c,temperature,34.8
2024-02-19T23:25:00.000Z,zone-b,pressure,996.1
2024-02-19T23:48:00.000Z,zone-c,humidity,64.4
2024-02-20T01:22:00.000Z,zone-b,temperature,21.6
2024-02-20T03:22:00.000Z,zone-c,pressure,1012.1
2024-02-20T04:24:00.000Z,zone-c,light,570.4
2024-02-20T06:03:00.000Z,zone-d,light,835
2024-02-20T07:20:00.000Z,zone-d,temperature,24.6
2024-02-20T08:02:00.000Z,zone-a,light,454.7
2024-02-20T08:05:00.000Z,zone-b,light,738.8
2024-02-20T08:50:00.000Z,zone-a,pressure,995.4
2024-02-20T09:41:00.000Z,zone-a,humidity,42.1
2024-02-20T11:24:00.000Z,zone-d,humidity,62.5
2024-02-20T15:26:00.000Z,zone-d,pressure,1012.2
2024-02-20T18:42:00.000Z,zone-b,light,504.9
2024-02-20T19:46:00.000Z,zone-d,humidity,55.2
2024-02-20T19:56:00.000Z,zone-a,light,298.3
2024-02-20T20:18:00.000Z,zone-d,pressure,1010.7
2024-02-20T21:10:00.000Z,zone-c,humidity,50
2024-02-21T01:08:00.000Z,zone-c,pressure,994.8
2024-02-21T03:03:00.000Z,zone-b,pressure,991.1
2024-02-21T03:30:00.000Z,zone-c,temperature,34.6
2024-02-21T03:43:00.000Z,zone-a,temperature,28
2024-02-21T05:40:00.000Z,zone-b,humidity,46.8
2024-02-21T05:43:00.000Z,zone-b,temperature,20.9
2024-02-21T06:33:00.000Z,zone-a,pressure,999.8
2024-02-21T09:11:00.000Z,zone-c,light,125.7
2024-02-21T15:23:00.000Z,zone-a,humidity,54.9
2024-02-21T16:46:00.000Z,zone-d,light,140.1
2024-02-21T17:45:00.000Z,zone-d,temperature,21.5
2024-02-21T19:38:00.000Z,zone-a,temperature,17.7
2024-02-21T22:35:00.000Z,zone-b,temperature,30.1
2024-02-22T00:12:00.000Z,zone-a,humidity,38.7
2024-02-22T00:25:00.000Z,zone-d,light,674.8
2024-02-22T03:50:00.000Z,zone-c,pressure,1008
2024-02-22T05:35:00.000Z,zone-a,light,277.6
2024-02-22T05:46:00.000Z,zone-d,humidity,45.9
2024-02-22T08:03:00.000Z,zone-d,temperature,31.5
2024-02-22T10:54:00.000Z,zone-b,light,313.2
2024-02-22T10:56:00.000Z,zone-c,humidity,50.8
2024-02-22T10:58:00.000Z,zone-b,pressure,1008.3
2024-02-22T11:23:00.000Z,zone-c,light,587
2024-02-22T12:48:00.000Z,zone-b,humidity,77.6
2024-02-22T16:29:00.000Z,zone-d,pressure,996.8
2024-02-22T17:20:00.000Z,zone-c,temperature,29.9
2024-02-22T17:53:00.000Z,zone-a,pressure,1013.7
2024-02-22T19:57:00.000Z,zone-d,humidity,62.5
2024-02-22T20:45:00.000Z,zone-c,pressure,1003.5
2024-02-22T22:00:00.000Z,zone-c,temperature,20.3
2024-02-23T00:35:00.000Z,zone-d,light,783.9
2024-02-23T01:37:00.000Z,zone-c,light,730.7
2024-02-23T04:47:00.000Z,zone-b,humidity,52.4
2024-02-23T05:25:00.000Z,zone-d,pressure,1000.5
2024-02-23T08:50:00.000Z,zone-b,temperature,23.2
2024-02-23T10:07:00.000Z,zone-a,light,420.5
2024-02-23T10:26:00.000Z,zone-a,humidity,67.2
2024-02-23T12:50:00.000Z,zone-a,temperature,30.4
2024-02-23T15:02:00.000Z,zone-c,humidity,65.7
2024-02-23T16:49:00.000Z,zone-b,pressure,1005.3
2024-02-23T17:38:00.000Z,zone-a,pressure,1009.3
2024-02-23T17:43:00.000Z,zone-b,light,412.2
2024-02-23T18:02:00.000Z,zone-d,temperature,15.8
2024-02-23T18:56:00.000Z,zone-c,pressure,1002.7
2024-02-23T21:34:00.000Z,zone-b,light,674.8
2024-02-23T23:23:00.000Z,zone-d,humidity,62
2024-02-24T03:28:00.000Z,zone-d,pressure,1002.2
2024-02-24T04:13:00.000Z,zone-c,humidity,45.9
2024-02-24T06:44:00.000Z,zone-a,humidity,44.3
2024-02-24T06:54:00.000Z,zone-c,temperature,31.3
2024-02-24T07:19:00.000Z,zone-a,light,213.8
2024-02-24T07:37:00.000Z,zone-c,light,360.6
2024-02-24T09:49:00.000Z,zone-b,temperature,33.3
2024-02-24T12:40:00.000Z,zone-b,pressure,990.8
2024-02-24T13:08:00.000Z,zone-d,temperature,34.4
2024-02-24T13:16:00.000Z,zone-b,humidity,46
2024-02-24T16:03:00.000Z,zone-a,temperature,16.5
2024-02-24T16:31:00.000Z,zone-d,light,808.2
2024-02-24T18:15:00.000Z,zone-a,pressure,1002.6
2024-02-24T19:40:00.000Z,zone-a,temperature,33.5
2024-02-24T21:31:00.000Z,zone-d,temperature,16.7
2024-02-24T22:20:00.000Z,zone-c,temperature,29.6
2024-02-24T23:45:00.000Z,zone-a,light,699.3
2024-02-24T23:52:00.000Z,zone-a,pressure,1009.9
2024-02-25T01:29:00.000Z,zone-c,light,585.9
2024-02-25T02:22:00.000Z,zone-d,light,346.1
2024-02-25T04:55:00.000Z,zone-b,temperature,18.2
2024-02-25T05:58:00.000Z,zone-d,pressure,1004.3
2024-02-25T07:10:00.000Z,zone-b,pressure,1007.3
2024-02-25T09:33:00.000Z,zone-b,humidity,76.5
2024-02-25T09:55:00.000Z,zone-b,light,249.6
2024-02-25T14:17:00.000Z,zone-a,humidity,58
2024-02-25T15:48:00.000Z,zone-c,humidity,40
2024-02-25T17:25:00.000Z,zone-d,humidity,68.3
2024-02-25T18:13:00.000Z,zone-c,pressure,1007.9
2024-02-25T18:53:00.000Z,zone-d,pressure,996.1
2024-02-25T22:43:00.000Z,zone-a,light,593.9
2024-02-25T23:03:00.000Z,zone-c,temperature,31
2024-02-26T02:23:00.000Z,zone-d,temperature,33.8
2024-02-26T05:54:00.000Z,zone-c,pressure,1007.4
2024-02-26T07:01:00.000Z,zone-d,light,764
2024-02-26T07:15:00.000Z,zone-d,humidity,76.7
2024-02-26T07:21:00.000Z,zone-b,light,667.1
2024-02-26T09:05:00.000Z,zone-c,light,836.9
2024-02-26T11:24:00.000Z,zone-b,temperature,19.4
2024-02-26T15:38:00.000Z,zone-a,humidity,79.9
2024-02-26T16:27:00.000Z,zone-a,pressure,994.2
2024-02-26T16:41:00.000Z,zone-b,pressure,998.4
2024-02-26T17:26:00.000Z,zone-a,temperature,28.1
2024-02-26T18:14:00.000Z,zone-c,humidity,61.6
2024-02-26T18:28:00.000Z,zone-b,humidity,60
2024-02-26T22:36:00.000Z,zone-c,light,215.5
2024-02-27T02:13:00.000Z,zone-d,light,175
2024-02-27T02:15:00.000Z,zone-c,humidity,70.4
2024-02-27T02:30:00.000Z,zone-d,temperature,32.8
2024-02-27T03:48:00.000Z,zone-a,light,582.9
2024-02-27T05:37:00.000Z,zone-c,temperature,27.2
2024-02-27T06:04:00.000Z,zone-c,pressure,1014.1
2024-02-27T07:44:00.000Z,zone-b,temperature,20.5
2024-02-27T08:25:00.000Z,zone-a,temperature,15.1
2024-02-27T08:44:00.000Z,zone-b,humidity,32.2
2024-02-27T09:22:00.000Z,zone-b,pressure,999.3
2024-02-27T09:40:00.000Z,zone-a,humidity,46.2
2024-02-27T10:05:00.000Z,zone-a,pressure,1015.9
2024-02-27T10:44:00.000Z,zone-d,pressure,1002.3
2024-02-27T13:46:00.000Z,zone-d,humidity,56.4
2024-02-27T16:35:00.000Z,zone-b,light,698.2
2024-02-28T00:12:00.000Z,zone-c,temperature,17.4
2024-02-28T01:45:00.000Z,zone-c,humidity,41.7
2024-02-28T01:52:00.000Z,zone-d,pressure,1014.8
2024-02-28T01:59:00.000Z,zone-a,temperature,15.7
2024-02-28T03:55:00.000Z,zone-a,light,463.7
2024-02-28T04:13:00.000Z,zone-a,pressure,1006.9
2024-02-28T04:26:00.000Z,zone-b,light,686
2024-02-28T05:01:00.000Z,zone-d,temperature,32.1
2024-02-28T08:12:00.000Z,zone-b,humidity,48.2
2024-02-28T08:16:00.000Z,zone-d,humidity,70
2024-02-28T09:27:00.000Z,zone-c,pressure,1002.3
2024-02-28T09:37:00.000Z,zone-b,pressure,994.2
2024-02-28T12:13:00.000Z,zone-c,light,853.5
2024-02-28T12:29:00.000Z,zone-d,light,838.5
2024-02-28T17:48:00.000Z,zone-b,temperature,20.5
2024-02-28T18:10:00.000Z,zone-a,humidity,38
2024-02-28T19:00:00.000Z,zone-d,pressure,1003.1
2024-02-28T20:21:00.000Z,zone-b,humidity,47.1
2024-02-28T22:45:00.000Z,zone-a,humidity,62
2024-02-28T23:50:00.000Z,zone-d,light,883.2
2024-02-29T00:18:00.000Z,zone-d,temperature,27.4
2024-02-29T01:17:00.000Z,zone-c,light,785.4
2024-02-29T01:44:00.000Z,zone-b,light,578.5
2024-02-29T01:59:00.000Z,zone-b,temperature,22.7
2024-02-29T03:02:00.000Z,zone-a,light,319.9
2024-02-29T03:18:00.000Z,zone-a,temperature,33.6
2024-02-29T06:44:00.000Z,zone-c,pressure,1010.6
2024-02-29T08:22:00.000Z,zone-c,humidity,31.5
2024-02-29T12:51:00.000Z,zone-c,temperature,27.8
2024-02-29T15:43:00.000Z,zone-a,pressure,997.8
2024-02-29T15:59:00.000Z,zone-d,humidity,78.9
2024-02-29T18:03:00.000Z,zone-b,pressure,991.8
2024-02-29T19:18:00.000Z,zone-c,temperature,34.1
2024-02-29T21:07:00.000Z,zone-a,temperature,19.6
2024-02-29T22:31:00.000Z,zone-d,pressure,1010.5
2024-03-01T00:49:00.000Z,zone-c,light,801.5
2024-03-01T01:53:00.000Z,zone-b,temperature,31.2
2024-03-01T02:12:00.000Z,zone-d,light,242.1
2024-03-01T03:18:00.000Z,zone-d,humidity,42.4
2024-03-01T06:54:00.000Z,zone-c,humidity,74.9
2024-03-01T08:07:00.000Z,zone-a,pressure,994
2024-03-01T09:51:00.000Z,zone-b,pressure,1013.9
2024-03-01T09:52:00.000Z,zone-b,light,641.3
2024-03-01T12:44:00.000Z,zone-a,light,257
2024-03-01T13:54:00.000Z,zone-b,humidity,56.6
2024-03-01T14:11:00.000Z,zone-a,humidity,78.9
2024-03-01T16:04:00.000Z,zone-c,pressure,996.5
2024-03-01T17:38:00.000Z,zone-d,temperature,21.5
2024-03-01T18:46:00.000Z,zone-b,light,730.6
2024-03-01T20:47:00.000Z,zone-d,light,498.1
2024-03-01T21:35:00.000Z,zone-c,humidity,50.2
2024-03-01T22:41:00.000Z,zone-d,pressure,1007.5
2024-03-01T23:50:00.000Z,zone-c,light,410.7
2024-03-02T06:45:00.000Z,zone-a,light,393.9
2024-03-02T09:41:00.000Z,zone-a,temperature,17.9
2024-03-02T12:31:00.000Z,zone-a,pressure,1009.5
2024-03-02T12:49:00.000Z,zone-c,temperature,21.6
2024-03-02T12:50:00.000Z,zone-c,pressure,1009.3
2024-03-02T13:12:00.000Z,zone-a,humidity,73
2024-03-02T13:56:00.000Z,zone-b,temperature,15.8
2024-03-02T15:13:00.000Z,zone-d,humidity,38.5
2024-03-02T15:18:00.000Z,zone-b,pressure,1001.1
2024-03-02T15:56:00.000Z,zone-d,temperature,28.9
2024-03-02T17:23:00.000Z,zone-b,humidity,36.2
2024-03-02T20:20:00.000Z,zone-c,humidity,66.8
2024-03-02T22:28:00.000Z,zone-b,light,549.4
2024-03-02T22:55:00.000Z,zone-b,pressure,1019.1
2024-03-02T23:11:00.000Z,zone-a,humidity,44.5
2024-03-03T00:29:00.000Z,zone-d,pressure,995.1
2024-03-03T01:59:00.000Z,zone-c,pressure,1015.5
2024-03-03T02:52:00.000Z,zone-a,light,473.5
2024-03-03T04:18:00.000Z,zone-a,pressure,1017.6
2024-03-03T05:00:00.000Z,zone-b,humidity,60.8
2024-03-03T06:13:00.000Z,zone-c,light,514.4
2024-03-03T07:43:00.000Z,zone-d,humidity,61.3
2024-03-03T08:26:00.000Z,zone-a,temperature,24.6
2024-03-03T13:25:00.000Z,zone-d,temperature,15.3
2024-03-03T15:04:00.000Z,zone-c,temperature,31
2024-03-03T15:34:00.000Z,zone-d,light,366
2024-03-03T17:06:00.000Z,zone-b,temperature,28.7
2024-03-03T18:38:00.000Z,zone-a,pressure,1019.1
2024-03-03T19:32:00.000Z,zone-a,humidity,34.4
2024-03-03T20:56:00.000Z,zone-b,light,737.1
2024-03-03T21:55:00.000Z,zone-d,light,687.2
2024-03-04T03:46:00.000Z,zone-c,light,792.9
2024-03-04T03:59:00.000Z,zone-d,pressure,990.8
2024-03-04T05:29:00.000Z,zone-d,temperature,17.6
2024-03-04T06:27:00.000Z,zone-c,humidity,33.5
2024-03-04T07:23:00.000Z,zone-d,humidity,64.7
2024-03-04T09:25:00.000Z,zone-c,temperature,29
2024-03-04T09:30:00.000Z,zone-b,pressure,1013.5
2024-03-04T09:37:00.000Z,zone-b,temperature,22.6
2024-03-04T11:20:00.000Z,zone-c,pressure,1014.1
2024-03-04T12:48:00.000Z,zone-a,light,301.3
2024-03-04T16:09:00.000Z,zone-b,humidity,60.6
2024-03-04T16:52:00.000Z,zone-a,temperature,25.9
2024-03-04T18:43:00.000Z,zone-d,light,862.4
2024-03-04T21:10:00.000Z,zone-c,pressure,1014.4
2024-03-04T21:17:00.000Z,zone-d,temperature,20.2
2024-03-04T23:05:00.000Z,zone-b,light,687.4
2024-03-04T23:26:00.000Z,zone-a,light,440.1
2024-03-04T23:36:00.000Z,zone-d,pressure,1013.3
2024-03-05T00:19:00.000Z,zone-b,temperature,27.9
2024-03-05T02:17:00.000Z,zone-c,light,520.6
2024-03-05T06:40:00.000Z,zone-a,pressure,990.5
2024-03-05T09:27:00.000Z,zone-c,humidity,53.2
2024-03-05T10:31:00.000Z,zone-a,temperature,29.1
2024-03-05T13:17:00.000Z,zone-a,humidity,61
2024-03-05T14:10:00.000Z,zone-b,pressure,992.2
2024-03-05T14:13:00.000Z,zone-b,humidity,79
2024-03-05T15:15:00.000Z,zone-c,temperature,30.6
2024-03-05T17:58:00.000Z,zone-d,humidity,79.5
2024-03-05T20:29:00.000Z,zone-d,temperature,28.6
2024-03-05T20:40:00.000Z,zone-c,temperature,21.1
2024-03-05T21:06:00.000Z,zone-b,temperature,31.3
2024-03-05T21:16:00.000Z,zone-b,light,720.3
2024-03-06T00:21:00.000Z,zone-c,humidity,67.1
2024-03-06T02:09:00.000Z,zone-c,light,530.4
2024-03-06T04:25:00.000Z,zone-c,pressure,1000
2024-03-06T08:05:00.000Z,zone-b,humidity,78.7
2024-03-06T08:33:00.000Z,zone-a,light,450.5
2024-03-06T11:14:00.000Z,zone-d,humidity,59.2
2024-03-06T13:25:00.000Z,zone-d,pressure,992.6
2024-03-06T14:25:00.000Z,zone-b,pressure,999
2024-03-06T15:15:00.000Z,zone-a,humidity,33.1
2024-03-06T16:43:00.000Z,zone-a,pressure,1016.1
2024-03-06T16:44:00.000Z,zone-d,light,516.6
2024-03-06T18:28:00.000Z,zone-a,temperature,25.9
2024-03-06T18:35:00.000Z,zone-a,light,536.1
2024-03-06T18:35:00.000Z,zone-c,light,329.4
2024-03-06T21:00:00.000Z,zone-d,light,283
2024-03-06T22:13:00.000Z,zone-a,pressure,1000.3
2024-03-06T22:22:00.000Z,zone-a,temperature,15.6
2024-03-07T03:17:00.000Z,zone-d,humidity,69.4
2024-03-07T05:35:00.000Z,zone-b,humidity,65.1
2024-03-07T07:28:00.000Z,zone-b,light,844.4
2024-03-07T09:05:00.000Z,zone-c,temperature,23.7
2024-03-07T09:43:00.000Z,zone-c,humidity,75.9
2024-03-07T12:33:00.000Z,zone-d,temperature,16.7
2024-03-07T12:36:00.000Z,zone-b,pressure,999.9
2024-03-07T12:54:00.000Z,zone-a,humidity,36.2
2024-03-07T13:18:00.000Z,zone-c,pressure,1009.7
2024-03-07T15:11:00.000Z,zone-d,pressure,1013.3
2024-03-07T16:15:00.000Z,zone-b,temperature,16
2024-03-07T20:42:00.000Z,zone-c,humidity,65.8
2024-03-07T21:13:00.000Z,zone-b,light,892.9
2024-03-07T23:39:00.000Z,zone-a,temperature,32.2
2024-03-08T01:01:00.000Z,zone-d,light,173.9
2024-03-08T01:44:00.000Z,zone-b,humidity,63.5
2024-03-08T04:33:00.000Z,zone-d,temperature,31.4
2024-03-08T08:53:00.000Z,zone-a,pressure,1007.4
2024-03-08T09:37:00.000Z,zone-c,light,787.5
2024-03-08T12:04:00.000Z,zone-c,pressure,1005.2
2024-03-08T12:28:00.000Z,zone-b,pressure,1009.8
2024-03-08T12:38:00.000Z,zone-b,temperature,26
2024-03-08T12:44:00.000Z,zone-d,humidity,37.8
2024-03-08T14:37:00.000Z,zone-a,light,707.2
2024-03-08T15:53:00.000Z,zone-a,humidity,80
2024-03-08T16:17:00.000Z,zone-c,temperature,32.8
2024-03-08T18:26:00.000Z,zone-d,pressure,1003.4
2024-03-08T19:30:00.000Z,zone-b,light,312.9
2024-03-08T20:31:00.000Z,zone-d,temperature,21.4
2024-03-08T20:51:00.000Z,zone-c,temperature,18.8
2024-03-08T20:55:00.000Z,zone-d,light,103.7
2024-03-08T21:28:00.000Z,zone-c,humidity,62.9
2024-03-09T01:52:00.000Z,zone-c,pressure,1009.3
2024-03-09T01:59:00.000Z,zone-b,pressure,993.9
2024-03-09T03:26:00.000Z,zone-a,pressure,1019.6
2024-03-09T04:44:00.000Z,zone-a,light,455.4
2024-03-09T05:56:00.000Z,zone-b,humidity,65.3
2024-03-09T08:11:00.000Z,zone-a,temperature,26.5
2024-03-09T09:04:00.000Z,zone-d,pressure,1007.1
2024-03-09T09:37:00.000Z,zone-b,temperature,32.4
2024-03-09T10:19:00.000Z,zone-a,humidity,75.3
2024-03-09T14:00:00.000Z,zone-d,humidity,41.8
2024-03-09T16:18:00.000Z,zone-c,light,347.8
2024-03-09T18:33:00.000Z,zone-c,temperature,33.1
2024-03-09T18:48:00.000Z,zone-b,pressure,1007
2024-03-09T19:19:00.000Z,zone-c,humidity,46.6
2024-03-09T19:29:00.000Z,zone-d,temperature,30.7
2024-03-09T20:57:00.000Z,zone-c,light,400.6
2024-03-09T22:22:00.000Z,zone-a,pressure,1019.1
2024-03-10T00:59:00.000Z,zone-b,light,873.5
2024-03-10T02:26:00.000Z,zone-b,humidity,64.5
2024-03-10T06:01:00.000Z,zone-a,light,544
2024-03-10T06:19:00.000Z,zone-d,humidity,70.9
2024-03-10T06:29:00.000Z,zone-b,temperature,20.9
2024-03-10T11:41:00.000Z,zone-d,light,277.5
2024-03-10T11:52:00.000Z,zone-d,pressure,1000.7
2024-03-10T15:21:00.000Z,zone-a,temperature,18.2
2024-03-10T17:25:00.000Z,zone-c,pressure,1002.5
2024-03-10T18:21:00.000Z,zone-a,humidity,47.4
2024-03-10T18:47:00.000Z,zone-b,humidity,70.9
2024-03-10T22:02:00.000Z,zone-c,pressure,993
2024-03-10T23:57:00.000Z,zone-a,temperature,30.3
2024-03-11T00:23:00.000Z,zone-d,temperature,32.6
2024-03-11T03:22:00.000Z,zone-c,light,589.4
2024-03-11T03:38:00.000Z,zone-d,light,362.6
2024-03-11T06:58:00.000Z,zone-a,light,756.2
2024-03-11T07:44:00.000Z,zone-a,pressure,1008.8
2024-03-11T07:54:00.000Z,zone-d,pressure,998.8
2024-03-11T10:55:00.000Z,zone-b,temperature,25
2024-03-11T11:39:00.000Z,zone-d,humidity,72.6
2024-03-11T14:16:00.000Z,zone-a,humidity,76.5
2024-03-11T17:00:00.000Z,zone-b,pressure,1018.4
2024-03-11T17:01:00.000Z,zone-c,temperature,16.6
2024-03-11T17:18:00.000Z,zone-c,humidity,76.2
2024-03-11T18:07:00.000Z,zone-b,light,135.9
2024-03-11T18:53:00.000Z,zone-d,light,216.7
2024-03-11T18:58:00.000Z,zone-a,humidity,46.4
2024-03-11T19:48:00.000Z,zone-c,temperature,24
2024-03-11T20:26:00.000Z,zone-b,humidity,74.4
2024-03-11T21:25:00.000Z,zone-b,pressure,992.6
2024-03-11T21:57:00.000Z,zone-d,temperature,22.2
2024-03-12T00:38:00.000Z,zone-c,light,152.6
2024-03-12T01:37:00.000Z,zone-d,humidity,57.3
2024-03-12T04:13:00.000Z,zone-a,light,615.8
2024-03-12T05:49:00.000Z,zone-d,pressure,1015
2024-03-12T06:33:00.000Z,zone-b,light,747.6
2024-03-12T11:52:00.000Z,zone-a,temperature,18.1
2024-03-12T13:05:00.000Z,zone-c,humidity,31
2024-03-12T13:29:00.000Z,zone-c,pressure,1011.6
2024-03-12T13:53:00.000Z,zone-a,pressure,1004.6
2024-03-12T14:10:00.000Z,zone-b,temperature,15.2
2024-03-12T20:50:00.000Z,zone-b,light,402.4
2024-03-12T21:02:00.000Z,zone-d,temperature,27.3
2024-03-12T21:21:00.000Z,zone-b,pressure,1003.1
2024-03-12T23:37:00.000Z,zone-c,pressure,1006.4
2024-03-13T00:30:00.000Z,zone-a,pressure,1012.5
2024-03-13T01:36:00.000Z,zone-a,humidity,48.3
2024-03-13T03:29:00.000Z,zone-b,temperature,20
2024-03-13T03:53:00.000Z,zone-b,humidity,35
2024-03-13T04:10:00.000Z,zone-a,light,817.5
2024-03-13T09:06:00.000Z,zone-c,humidity,50.3
2024-03-13T09:45:00.000Z,zone-d,light,293
2024-03-13T10:30:00.000Z,zone-c,temperature,21
2024-03-13T13:22:00.000Z,zone-c,light,506.6
2024-03-13T13:58:00.000Z,zone-d,humidity,73.2
2024-03-13T14:04:00.000Z,zone-d,pressure,996
2024-03-13T16:02:00.000Z,zone-a,temperature,25.7
2024-03-13T21:19:00.000Z,zone-c,light,289.2
2024-03-13T22:33:00.000Z,zone-d,light,399
2024-03-14T00:07:00.000Z,zone-b,light,705.5
2024-03-14T00:16:00.000Z,zone-a,light,409
2024-03-14T01:03:00.000Z,zone-d,humidity,60
2024-03-14T02:01:00.000Z,zone-b,temperature,33.6
2024-03-14T03:58:00.000Z,zone-d,temperature,29.1
2024-03-14T04:35:00.000Z,zone-d,pressure,997.8
2024-03-14T07:26:00.000Z,zone-a,humidity,54.3
2024-03-14T08:19:00.000Z,zone-a,temperature,17.8
2024-03-14T11:33:00.000Z,zone-a,pressure,1001.7
2024-03-14T11:55:00.000Z,zone-c,temperature,26.5
2024-03-14T12:54:00.000Z,zone-b,humidity,56.9
2024-03-14T14:18:00.000Z,zone-c,pressure,1000.9
2024-03-14T16:39:00.000Z,zone-c,humidity,56.6
2024-03-14T17:12:00.000Z,zone-b,pressure,1014.6
2024-03-14T18:52:00.000Z,zone-b,light,243.6
2024-03-14T19:04:00.000Z,zone-d,pressure,1002.4
2024-03-14T19:58:00.000Z,zone-c,pressure,1007.1
2024-03-14T22:19:00.000Z,zone-a,temperature,23
2024-03-15T01:35:00.000Z,zone-c,light,548.2
2024-03-15T01:36:00.000Z,zone-b,pressure,996.8
2024-03-15T03:02:00.000Z,zone-d,humidity,51.6
2024-03-15T04:39:00.000Z,zone-a,humidity,61.5
2024-03-15T07:46:00.000Z,zone-d,temperature,31.4
2024-03-15T08:09:00.000Z,zone-c,temperature,19
2024-03-15T11:51:00.000Z,zone-d,light,562.7
2024-03-15T12:13:00.000Z,zone-c,humidity,50.3
2024-03-15T12:53:00.000Z,zone-b,humidity,44.7
2024-03-15T15:15:00.000Z,zone-b,temperature,29.3
2024-03-15T15:25:00.000Z,zone-a,pressure,1014
2024-03-15T17:32:00.000Z,zone-a,light,694.2
2024-03-15T19:30:00.000Z,zone-a,humidity,44.6
2024-03-15T20:57:00.000Z,zone-a,pressure,1000.4
2024-03-15T23:40:00.000Z,zone-a,light,395.3
2024-03-16T00:26:00.000Z,zone-d,light,603.2
2024-03-16T01:32:00.000Z,zone-d,humidity,35.1
2024-03-16T04:21:00.000Z,zone-c,pressure,1011
2024-03-16T05:31:00.000Z,zone-d,pressure,994.1
2024-03-16T05:51:00.000Z,zone-c,light,886.4
2024-03-16T07:21:00.000Z,zone-c,temperature,29.9
2024-03-16T11:32:00.000Z,zone-a,temperature,34.2
2024-03-16T12:50:00.000Z,zone-b,light,334.3
2024-03-16T14:07:00.000Z,zone-b,humidity,56.1
2024-03-16T14:15:00.000Z,zone-b,pressure,1011.8
2024-03-16T16:47:00.000Z,zone-b,temperature,15
2024-03-16T16:47:00.000Z,zone-d,temperature,19.5
2024-03-16T17:42:00.000Z,zone-c,humidity,43.1
2024-03-16T19:37:00.000Z,zone-d,humidity,70
2024-03-16T20:59:00.000Z,zone-c,humidity,52.9
2024-03-17T00:34:00.000Z,zone-d,light,701.9
2024-03-17T04:36:00.000Z,zone-a,light,385.1
2024-03-17T07:57:00.000Z,zone-d,pressure,994.9
2024-03-17T09:01:00.000Z,zone-d,temperature,21.4
2024-03-17T09:08:00.000Z,zone-c,pressure,1000.6
2024-03-17T09:38:00.000Z,zone-a,temperature,15.3
2024-03-17T09:42:00.000Z,zone-c,light,138
2024-03-17T12:12:00.000Z,zone-b,humidity,66.9
2024-03-17T12:24:00.000Z,zone-a,pressure,1012
2024-03-17T14:37:00.000Z,zone-a,humidity,55.9
2024-03-17T14:38:00.000Z,zone-c,temperature,18.2
2024-03-17T16:35:00.000Z,zone-b,pressure,1018.7
2024-03-17T17:33:00.000Z,zone-b,light,673.7
2024-03-17T17:52:00.000Z,zone-b,temperature,25.1
2024-03-17T19:40:00.000Z,zone-a,pressure,1017.8
2024-03-17T19:45:00.000Z,zone-d,temperature,29.7
2024-03-17T20:25:00.000Z,zone-d,light,582.9
2024-03-17T20:59:00.000Z,zone-c,humidity,38.8
2024-03-17T21:01:00.000Z,zone-c,light,422
2024-03-17T22:18:00.000Z,zone-a,humidity,46.9
2024-03-17T22:54:00.000Z,zone-b,humidity,44.6
2024-03-18T04:05:00.000Z,zone-b,pressure,1007.7
2024-03-18T04:59:00.000Z,zone-a,temperature,26.1
2024-03-18T08:55:00.000Z,zone-c,temperature,20.7
2024-03-18T09:15:00.000Z,zone-c,pressure,1012.6
2024-03-18T11:42:00.000Z,zone-b,light,126.5
2024-03-18T14:19:00.000Z,zone-b,temperature,27
2024-03-18T14:57:00.000Z,zone-d,humidity,48.1
2024-03-18T17:07:00.000Z,zone-d,pressure,1007.1
2024-03-18T18:06:00.000Z,zone-a,light,588.3
2024-03-18T18:41:00.000Z,zone-a,temperature,32.3
2024-03-18T21:45:00.000Z,zone-c,temperature,34.5
2024-03-18T22:14:00.000Z,zone-b,light,420.9
2024-03-18T22:26:00.000Z,zone-a,pressure,1011.2
2024-03-18T23:39:00.000Z,zone-c,pressure,1004.6
2024-03-19T02:05:00.000Z,zone-c,humidity,42.7
2024-03-19T04:18:00.000Z,zone-a,humidity,64.2
2024-03-19T07:45:00.000Z,zone-b,humidity,35.4
2024-03-19T08:28:00.000Z,zone-b,pressure,997.3
2024-03-19T10:10:00.000Z,zone-d,temperature,21.6
2024-03-19T11:26:00.000Z,zone-d,humidity,63.1
2024-03-19T12:01:00.000Z,zone-d,light,188.8
2024-03-19T13:44:00.000Z,zone-a,light,605.2
2024-03-19T14:45:00.000Z,zone-c,light,897.2
2024-03-19T15:03:00.000Z,zone-d,pressure,1015.7
2024-03-19T15:50:00.000Z,zone-b,temperature,30.1
2024-03-19T19:38:00.000Z,zone-c,humidity,54.7
2024-03-19T20:04:00.000Z,zone-d,humidity,67.5
2024-03-19T22:08:00.000Z,zone-b,temperature,22.3
2024-03-19T22:58:00.000Z,zone-a,light,533.7
2024-03-19T22:58:00.000Z,zone-c,pressure,1000.4
2024-03-20T00:15:00.000Z,zone-c,light,858.3
2024-03-20T03:29:00.000Z,zone-a,humidity,77.4
2024-03-20T03:33:00.000Z,zone-c,temperature,30.4
2024-03-20T04:08:00.000Z,zone-d,light,528.1
2024-03-20T06:51:00.000Z,zone-b,pressure,1007.1
2024-03-20T14:21:00.000Z,zone-d,pressure,992.8
2024-03-20T15:06:00.000Z,zone-b,humidity,57.3
2024-03-20T16:51:00.000Z,zone-a,pressure,1009.7
2024-03-20T17:26:00.000Z,zone-a,temperature,15.4
2024-03-20T18:00:00.000Z,zone-d,temperature,28.8
2024-03-20T18:02:00.000Z,zone-b,light,509.5
2024-03-20T18:34:00.000Z,zone-b,light,526.6
2024-03-20T18:55:00.000Z,zone-d,light,525.5
2024-03-20T19:12:00.000Z,zone-a,humidity,58.2
2024-03-20T21:55:00.000Z,zone-c,humidity,71.3
2024-03-20T22:32:00.000Z,zone-a,light,550.9
2024-03-20T23:51:00.000Z,zone-b,temperature,28.7
2024-03-21T01:37:00.000Z,zone-a,temperature,25.4
2024-03-21T03:26:00.000Z,zone-c,light,382.6
2024-03-21T04:45:00.000Z,zone-d,pressure,1002.8
2024-03-21T10:02:00.000Z,zone-d,temperature,30.3
2024-03-21T10:04:00.000Z,zone-b,pressure,994.9
2024-03-21T11:54:00.000Z,zone-a,pressure,1011.4
2024-03-21T14:59:00.000Z,zone-d,humidity,40.7
2024-03-21T15:40:00.000Z,zone-b,humidity,51.7
2024-03-21T17:47:00.000Z,zone-c,temperature,24.6
2024-03-21T18:01:00.000Z,zone-c,pressure,999.3
2024-03-21T18:58:00.000Z,zone-b,temperature,24.9
2024-03-21T20:24:00.000Z,zone-b,humidity,36.4
2024-03-21T20:48:00.000Z,zone-d,temperature,34.8
2024-03-21T22:35:00.000Z,zone-a,pressure,1008.6
2024-03-21T23:24:00.000Z,zone-c,humidity,70.1
2024-03-22T01:08:00.000Z,zone-c,temperature,26.5
2024-03-22T03:08:00.000Z,zone-b,light,470.4
2024-03-22T04:00:00.000Z,zone-a,temperature,21.9
2024-03-22T06:44:00.000Z,zone-a,light,606.5
2024-03-22T09:12:00.000Z,zone-d,pressure,1001.3
2024-03-22T09:59:00.000Z,zone-c,pressure,1014.2
2024-03-22T11:49:00.000Z,zone-d,light,797.1
2024-03-22T11:53:00.000Z,zone-a,humidity,66.4
2024-03-22T15:38:00.000Z,zone-b,pressure,1010.3
2024-03-22T16:29:00.000Z,zone-d,humidity,56.6
2024-03-22T18:14:00.000Z,zone-c,light,130.2
2024-03-22T18:44:00.000Z,zone-b,light,733.3
2024-03-22T19:23:00.000Z,zone-c,pressure,1015.3
2024-03-22T20:01:00.000Z,zone-d,pressure,997
2024-03-22T22:47:00.000Z,zone-b,pressure,1011.4
2024-03-23T00:09:00.000Z,zone-b,humidity,71.6
2024-03-23T01:43:00.000Z,zone-d,light,306.1
2024-03-23T03:12:00.000Z,zone-c,temperature,29.3
2024-03-23T06:37:00.000Z,zone-b,temperature,32.5
2024-03-23T07:43:00.000Z,zone-a,pressure,999.4
2024-03-23T13:47:00.000Z,zone-c,light,491.6
2024-03-23T14:09:00.000Z,zone-d,humidity,57
2024-03-23T16:32:00.000Z,zone-c,humidity,45.1
2024-03-23T17:58:00.000Z,zone-a,temperature,16.2
2024-03-23T18:07:00.000Z,zone-d,temperature,18.8
2024-03-23T18:12:00.000Z,zone-a,light,177.6
2024-03-23T18:19:00.000Z,zone-a,humidity,46.9
2024-03-23T20:57:00.000Z,zone-d,temperature,16.5
2024-03-23T21:00:00.000Z,zone-b,light,110.9
2024-03-23T22:04:00.000Z,zone-c,light,792.9
2024-03-23T22:12:00.000Z,zone-c,humidity,74
2024-03-23T22:16:00.000Z,zone-d,pressure,999.2
2024-03-23T22:29:00.000Z,zone-b,pressure,1014.9
2024-03-24T00:26:00.000Z,zone-a,pressure,993.3
2024-03-24T00:57:00.000Z,zone-b,temperature,20.8
2024-03-24T02:36:00.000Z,zone-a,light,146.1
2024-03-24T03:37:00.000Z,zone-a,temperature,28.7
2024-03-24T04:26:00.000Z,zone-d,light,219
2024-03-24T08:09:00.000Z,zone-b,humidity,47.9
2024-03-24T09:11:00.000Z,zone-a,humidity,30.5
2024-03-24T09:54:00.000Z,zone-c,pressure,1009.3
2024-03-24T14:10:00.000Z,zone-c,temperature,25.4
2024-03-24T15:44:00.000Z,zone-d,humidity,61.4
2024-03-24T19:44:00.000Z,zone-d,temperature,32.4
2024-03-25T00:36:00.000Z,zone-d,light,383.1
2024-03-25T01:00:00.000Z,zone-b,temperature,22.3
2024-03-25T01:10:00.000Z,zone-d,humidity,65.8
2024-03-25T02:21:00.000Z,zone-a,temperature,15.2
2024-03-25T03:45:00.000Z,zone-a,light,206.8
2024-03-25T04:02:00.000Z,zone-c,temperature,25.5
2024-03-25T04:44:00.000Z,zone-c,humidity,71.3
2024-03-25T07:27:00.000Z,zone-c,light,195.7
2024-03-25T08:43:00.000Z,zone-a,humidity,46.4
2024-03-25T09:02:00.000Z,zone-b,humidity,55.3
2024-03-25T09:20:00.000Z,zone-b,pressure,1015.9
2024-03-25T10:10:00.000Z,zone-c,pressure,994.4
2024-03-25T10:53:00.000Z,zone-d,pressure,991.2
2024-03-25T14:14:00.000Z,zone-b,light,621.2
2024-03-25T15:50:00.000Z,zone-a,pressure,999.4
2024-03-25T18:49:00.000Z,zone-b,light,530.3
2024-03-25T21:16:00.000Z,zone-d,humidity,41
2024-03-26T00:27:00.000Z,zone-d,temperature,24.9
2024-03-26T02:42:00.000Z,zone-a,humidity,74
2024-03-26T02:53:00.000Z,zone-c,humidity,64
2024-03-26T03:03:00.000Z,zone-a,pressure,1013.2
2024-03-26T03:03:00.000Z,zone-a,light,769.8
2024-03-26T04:09:00.000Z,zone-b,humidity,66
2024-03-26T08:29:00.000Z,zone-b,pressure,991.7
2024-03-26T10:21:00.000Z,zone-a,temperature,22.5
2024-03-26T10:53:00.000Z,zone-c,pressure,993.1
2024-03-26T11:09:00.000Z,zone-c,temperature,21.8
2024-03-26T14:59:00.000Z,zone-d,light,160.5
2024-03-26T15:15:00.000Z,zone-d,pressure,1005.4
2024-03-26T17:05:00.000Z,zone-c,light,182.3
2024-03-26T17:42:00.000Z,zone-b,temperature,15.6
2024-03-26T21:17:00.000Z,zone-d,humidity,45.7
2024-03-26T21:40:00.000Z,zone-c,light,883.4
2024-03-26T22:50:00.000Z,zone-d,light,769.2
2024-03-26T23:24:00.000Z,zone-a,humidity,36.3
2024-03-27T02:46:00.000Z,zone-b,light,357.4
2024-03-27T03:06:00.000Z,zone-a,temperature,24.7
2024-03-27T03:11:00.000Z,zone-d,pressure,1011.3
2024-03-27T04:41:00.000Z,zone-a,light,268.9
2024-03-27T08:20:00.000Z,zone-d,temperature,31.4
2024-03-27T08:29:00.000Z,zone-b,humidity,32.5
2024-03-27T08:58:00.000Z,zone-b,pressure,1000.7
2024-03-27T10:10:00.000Z,zone-c,pressure,999
2024-03-27T10:22:00.000Z,zone-a,pressure,1005
2024-03-27T10:37:00.000Z,zone-c,temperature,26.1
2024-03-27T15:36:00.000Z,zone-b,temperature,29.9
2024-03-27T16:52:00.000Z,zone-c,humidity,38.9
2024-03-27T20:48:00.000Z,zone-a,temperature,32.2
2024-03-27T21:31:00.000Z,zone-b,light,258.8
2024-03-27T22:04:00.000Z,zone-b,humidity,44.2
2024-03-27T22:17:00.000Z,zone-d,light,624.1
2024-03-28T00:39:00.000Z,zone-d,pressure,995.6
2024-03-28T00:59:00.000Z,zone-a,pressure,1015
2024-03-28T06:19:00.000Z,zone-c,pressure,995.4
2024-03-28T06:19:00.000Z,zone-d,humidity,79.7
2024-03-28T07:54:00.000Z,zone-c,light,278.9
2024-03-28T12:10:00.000Z,zone-a,light,784.6
2024-03-28T12:55:00.000Z,zone-b,pressure,998.4
2024-03-28T15:22:00.000Z,zone-b,temperature,27.3
2024-03-28T15:24:00.000Z,zone-a,humidity,42.8
2024-03-28T16:31:00.000Z,zone-c,temperature,29.2
2024-03-28T16:35:00.000Z,zone-d,temperature,16.7
2024-03-28T18:13:00.000Z,zone-c,humidity,57.7
2024-03-28T20:59:00.000Z,zone-c,temperature,20.7
2024-03-28T21:36:00.000Z,zone-c,humidity,66.8
2024-03-28T21:40:00.000Z,zone-a,light,854.1
2024-03-28T21:57:00.000Z,zone-b,light,261
2024-03-29T03:05:00.000Z,zone-a,humidity,76.7
2024-03-29T03:27:00.000Z,zone-c,pressure,996.1
2024-03-29T05:29:00.000Z,zone-b,temperature,33.5
2024-03-29T05:35:00.000Z,zone-d,light,261
2024-03-29T05:37:00.000Z,zone-b,pressure,1014.4
2024-03-29T05:53:00.000Z,zone-d,humidity,42.7
2024-03-29T06:56:00.000Z,zone-d,temperature,19
2024-03-29T07:37:00.000Z,zone-c,light,286.5
2024-03-29T08:32:00.000Z,zone-a,temperature,25.9
2024-03-29T10:33:00.000Z,zone-a,pressure,1001.8
2024-03-29T11:42:00.000Z,zone-b,humidity,51.5
2024-03-29T13:16:00.000Z,zone-d,pressure,1012.4
2024-03-29T18:39:00.000Z,zone-d,pressure,1013.2
2024-03-29T20:10:00.000Z,zone-a,humidity,42.2
2024-03-29T21:34:00.000Z,zone-d,temperature,15.5
2024-03-29T21:44:00.000Z,zone-c,light,559.9
2024-03-29T21:52:00.000Z,zone-a,pressure,1009.2
2024-03-29T22:38:00.000Z,zone-d,humidity,65.7
2024-03-30T00:42:00.000Z,zone-b,light,455.2
2024-03-30T01:10:00.000Z,zone-c,pressure,1005.6
2024-03-30T07:32:00.000Z,zone-c,humidity,45.8
2024-03-30T07:38:00.000Z,zone-c,temperature,29.1
2024-03-30T09:13:00.000Z,zone-b,humidity,55.5
2024-03-30T10:20:00.000Z,zone-b,temperature,17.9
2024-03-30T13:55:00.000Z,zone-d,light,260.3
2024-03-30T15:13:00.000Z,zone-a,light,850.1
2024-03-30T16:17:00.000Z,zone-b,pressure,1001.6
2024-03-30T18:21:00.000Z,zone-a,temperature,15.8